[2026-03-27T19:34:41.904Z] GET https://lustre.pl/podologia → 200 (729ms, 55946B)
[2026-03-27T19:34:42.642Z] GET https://www.googletagmanager.com/gtag/js?id=G-B89TW6NQND → pending (?ms, ?B)
[2026-03-27T19:34:42.642Z] GET https://fonts.googleapis.com/css2?family=Montserrat:wght@300;400;500;600;700&family=Playfair+Display&display=swap → pending (?ms, ?B)
[2026-03-27T19:34:42.642Z] GET https://fonts.googleapis.com/css2?family=DM+Sans:wght@400;500;700&display=swap → pending (?ms, ?B)
[2026-03-27T19:34:42.642Z] GET https://lustre.pl/_next/static/css/0886aeee07ea9a02.css → 200 (84ms, 11813B)
[2026-03-27T19:34:42.642Z] GET https://lustre.pl/_next/static/chunks/TreatmentHeading.e6955e6604398468.js → 200 (81ms, 2272B)
[2026-03-27T19:34:42.642Z] GET https://lustre.pl/_next/static/chunks/Blocks.a022adf8d814ba52.js → 200 (58ms, 3153B)
[2026-03-27T19:34:42.642Z] GET https://lustre.pl/_next/static/chunks/webpack-44f5cd7fffa8184c.js → 200 (58ms, 4985B)
[2026-03-27T19:34:42.642Z] GET https://lustre.pl/_next/static/chunks/framework-467b11a89995b152.js → 200 (94ms, 141069B)
[2026-03-27T19:34:42.642Z] GET https://lustre.pl/_next/static/chunks/main-34ac7c69a119bfba.js → 200 (98ms, 130688B)
[2026-03-27T19:34:42.642Z] GET https://lustre.pl/_next/static/chunks/pages/_app-c92ce97929f63308.js → pending (?ms, ?B)
[2026-03-27T19:34:42.642Z] GET https://lustre.pl/_next/static/chunks/bd1a647f-438db97d3d29bd16.js → 200 (84ms, 79849B)
[2026-03-27T19:34:42.643Z] GET https://lustre.pl/_next/static/chunks/bee240a3-21f43dc49aa39a40.js → pending (?ms, ?B)
[2026-03-27T19:34:42.643Z] GET https://lustre.pl/_next/static/chunks/b7f16307-34bc5c4dcbd8f6d9.js → 200 (70ms, 63705B)
[2026-03-27T19:34:42.643Z] GET https://lustre.pl/_next/static/chunks/23-123c1a018e45e3a6.js → pending (?ms, ?B)
[2026-03-27T19:34:42.643Z] GET https://lustre.pl/_next/static/chunks/313-19223613efb7945f.js → pending (?ms, ?B)
[2026-03-27T19:34:42.643Z] GET https://lustre.pl/_next/static/chunks/901-b4a3bf23446c17d3.js → 200 (72ms, 14246B)
[2026-03-27T19:34:42.643Z] GET https://lustre.pl/_next/static/chunks/528-5f200315da2061bd.js → pending (?ms, ?B)
[2026-03-27T19:34:42.643Z] GET https://lustre.pl/_next/static/chunks/356-9ba90d12357e8e04.js → pending (?ms, ?B)
[2026-03-27T19:34:42.643Z] GET https://lustre.pl/_next/static/chunks/pages/%5B%5B...slug%5D%5D-feb6da4435201627.js → pending (?ms, ?B)
[2026-03-27T19:34:42.643Z] GET https://lustre.pl/_next/static/vyV5uhPlz8CPYP88Tzra4/_buildManifest.js → pending (?ms, ?B)
[2026-03-27T19:34:42.643Z] GET https://lustre.pl/_next/static/vyV5uhPlz8CPYP88Tzra4/_ssgManifest.js → pending (?ms, ?B)
[2026-03-27T19:34:43.426Z] GET https://fonts.gstatic.com/s/montserrat/v31/JTUSjIg1_i6t8kCHKm459WlhyyTh89Y.woff2 → pending (?ms, ?B)
[2026-03-27T19:34:43.426Z] GET https://fonts.gstatic.com/s/playfairdisplay/v40/nuFvD-vYSZviVYUb_rj3ij__anPXJzDwcbmjWBN2PKdFvXDXbtPK-F2qC0s.woff2 → pending (?ms, ?B)
[2026-03-27T19:34:43.426Z] GET https://fonts.gstatic.com/s/montserrat/v31/JTUSjIg1_i6t8kCHKm459WdhyyTh89ZNpQ.woff2 → pending (?ms, ?B)
[2026-03-27T19:34:43.447Z] POST https://region1.google-analytics.com/g/collect?v=2&tid=G-B89TW6NQND&gtm=45je63p1h1v892761822za200zd892761822&_p=1774640082645&gcd=13l3l3l2l1l1&npa=1&dma_cps=a&dma=1&cid=1097335157.1774640083&ul=en-us&sr=1280x720&uaa=arm&uab=64&uafvl=Not%253AA-Brand%3B99.0.0.0%7CHeadlessChrome%3B145.0.7632.6%7CChromium%3B145.0.7632.6&uamb=0&uam=&uap=macOS&uapv=26.3.1&uaw=0&are=1&frm=0&pscdl=noapi&_s=1&tag_exp=0~115616985~115938465~115938469~116363097~117484252~117884344&dp=%2Fpodologia&sid=1774640083&sct=1&seg=0&dl=https%3A%2F%2Flustre.pl%2Fpodologia&dt=Lustre&en=page_view&_fv=1&_nsi=1&_ss=1&_ee=1&tfd=1543 → pending (?ms, ?B)
[2026-03-27T19:34:43.572Z] POST https://lustre.pl/api → pending (?ms, ?B)
[2026-03-27T19:34:43.587Z] GET https://lustre.pl/_next/image?url=%2Fpage%2Fclj74e4fa029408l3mwcsg7sc%2Fpodologia.png&w=1920&q=90 → pending (?ms, ?B)
[2026-03-27T19:34:43.592Z] GET https://lustre.pl/_next/data/vyV5uhPlz8CPYP88Tzra4/index.json → pending (?ms, ?B)
[2026-03-27T19:34:43.592Z] GET https://lustre.pl/_next/data/vyV5uhPlz8CPYP88Tzra4/o-nas.json?slug=o-nas → 200 (49ms, 11083B)
[2026-03-27T19:34:43.592Z] GET https://lustre.pl/_next/data/vyV5uhPlz8CPYP88Tzra4/zabiegi.json?slug=zabiegi → pending (?ms, ?B)
[2026-03-27T19:34:43.592Z] GET https://lustre.pl/_next/data/vyV5uhPlz8CPYP88Tzra4/cennik.json?slug=cennik → 200 (53ms, 32280B)
[2026-03-27T19:34:43.593Z] GET https://lustre.pl/_next/data/vyV5uhPlz8CPYP88Tzra4/voucher.json?slug=voucher → 200 (55ms, 4175B)
[2026-03-27T19:34:43.593Z] GET https://lustre.pl/_next/data/vyV5uhPlz8CPYP88Tzra4/kontakt.json?slug=kontakt → 200 (52ms, 5389B)
[2026-03-27T19:34:43.593Z] GET https://lustre.pl/_next/data/vyV5uhPlz8CPYP88Tzra4/regulamin.json?slug=regulamin → 200 (49ms, 58833B)
[2026-03-27T19:34:55.191Z] GET https://kwbeauty.pl/kategoria-produktu/kursy-online/ → pending (?ms, ?B)
[2026-03-27T19:34:58.523Z] GET https://cdnjs.cloudflare.com/ajax/libs/font-awesome/5.15.1/css/all.min.css → pending (?ms, ?B)
[2026-03-27T19:34:58.523Z] GET https://cdnjs.cloudflare.com/ajax/libs/jquery/3.5.1/jquery.min.js → pending (?ms, ?B)
[2026-03-27T19:34:58.524Z] GET https://kwbeauty.pl/wp-content/plugins/dynamic-content-for-elementor/assets/css/animations.css?ver=3.1.2 → 200 (25ms, 14936B)
[2026-03-27T19:34:58.524Z] GET https://kwbeauty.pl/wp-content/plugins/woocommerce-paczkomaty-inpost/build/style-point-selection-block.css?ver=1760419109 → 200 (32ms, 1B)
[2026-03-27T19:34:58.524Z] GET https://kwbeauty.pl/wp-includes/css/dist/block-library/style.min.css?ver=6.8.3 → 200 (35ms, 116345B)
[2026-03-27T19:34:58.524Z] GET https://kwbeauty.pl/wp-content/plugins/woocommerce/assets/css/woocommerce-layout.css?ver=10.3.5 → 200 (31ms, 19727B)
[2026-03-27T19:34:58.524Z] GET https://kwbeauty.pl/wp-content/plugins/woocommerce/assets/css/woocommerce.css?ver=10.3.5 → 200 (29ms, 86378B)
[2026-03-27T19:34:58.524Z] GET https://kwbeauty.pl/wp-content/plugins/contact-form-7/includes/css/styles.css?ver=6.1.4 → 200 (32ms, 2947B)
[2026-03-27T19:34:58.524Z] GET https://use.fontawesome.com/releases/v6.2.0/css/all.css?ver=6.8.3 → pending (?ms, ?B)
[2026-03-27T19:34:58.524Z] GET https://kwbeauty.pl/wp-content/plugins/download-manager/assets/bootstrap/css/bootstrap.min.css?ver=6.8.3 → 200 (28ms, 58274B)
[2026-03-27T19:34:58.524Z] GET https://kwbeauty.pl/wp-content/plugins/download-manager/assets/css/front.css?ver=6.8.3 → 200 (34ms, 63701B)
[2026-03-27T19:34:58.524Z] GET https://kwbeauty.pl/wp-content/plugins/wpdm-premium-packages/assets/css/wpdmpp.css?ver=6.8.3 → 200 (33ms, 10863B)
[2026-03-27T19:34:58.524Z] GET https://kwbeauty.pl/wp-content/plugins/added-to-cart-popup-woocommerce/assets/css/xoo-cp-style.css?ver=1.7 → 200 (33ms, 7253B)
[2026-03-27T19:34:58.524Z] GET https://kwbeauty.pl/wp-content/plugins/woo-variation-swatches/assets/css/frontend.min.css?ver=1762869909 → 200 (34ms, 35277B)
[2026-03-27T19:34:58.524Z] GET https://kwbeauty.pl/wp-content/plugins/woocommerce/assets/css/brands.css?ver=10.3.5 → 200 (34ms, 2279B)
[2026-03-27T19:34:58.524Z] GET https://kwbeauty.pl/wp-content/themes/hello-dream-county/css/global.css?ver=69c6dbe14cd1e → 200 (57ms, 21865B)
[2026-03-27T19:34:58.524Z] GET https://kwbeauty.pl/wp-content/themes/hello-dream-county/css/style.css?ver=69c6dbe14cd1e → 200 (57ms, 61569B)
[2026-03-27T19:34:58.525Z] GET https://kwbeauty.pl/wp-content/plugins/elementor/assets/css/frontend.min.css?ver=3.33.0 → 200 (33ms, 53644B)
[2026-03-27T19:34:58.525Z] GET https://kwbeauty.pl/wp-content/uploads/elementor/css/post-5.css?ver=1769164363 → 200 (34ms, 1439B)
[2026-03-27T19:34:58.525Z] GET https://cdnjs.cloudflare.com/ajax/libs/select2/4.0.13/css/select2.min.css?ver=6.8.3 → pending (?ms, ?B)
[2026-03-27T19:34:58.525Z] GET https://kwbeauty.pl/wp-content/themes/hello-dream-county/new-styles.css?ver=69c6dbe2466fe → 200 (60ms, 40022B)
[2026-03-27T19:34:58.525Z] GET https://kwbeauty.pl/wp-content/themes/hello-dream-county/kurs.css?ver=1769604676 → 200 (54ms, 4619B)
[2026-03-27T19:34:58.525Z] GET https://kwbeauty.pl/wp-content/plugins/elementor/assets/css/widget-image.min.css?ver=3.33.0 → 200 (54ms, 214B)
[2026-03-27T19:34:58.525Z] GET https://kwbeauty.pl/wp-content/plugins/elementor-pro/assets/css/widget-nav-menu.min.css?ver=3.27.7 → 200 (35ms, 26891B)
[2026-03-27T19:34:58.525Z] GET https://kwbeauty.pl/wp-content/plugins/elementor-pro/assets/css/widget-woocommerce-menu-cart.min.css?ver=3.27.7 → 200 (52ms, 13946B)
[2026-03-27T19:34:58.525Z] GET https://kwbeauty.pl/wp-content/plugins/elementor/assets/css/widget-heading.min.css?ver=3.33.0 → 200 (53ms, 560B)
[2026-03-27T19:34:58.525Z] GET https://kwbeauty.pl/wp-content/plugins/elementor-pro/assets/css/conditionals/popup.min.css?ver=3.27.7 → 200 (53ms, 995B)
[2026-03-27T19:34:58.525Z] GET https://kwbeauty.pl/wp-includes/css/dashicons.min.css?ver=6.8.3 → 200 (36ms, 59016B)
[2026-03-27T19:34:58.525Z] GET https://kwbeauty.pl/wp-content/uploads/elementor/css/post-337.css?ver=1769164364 → 200 (52ms, 16030B)
[2026-03-27T19:34:58.525Z] GET https://kwbeauty.pl/wp-content/uploads/elementor/css/post-206.css?ver=1769164363 → 200 (56ms, 4946B)
[2026-03-27T19:34:58.525Z] GET https://kwbeauty.pl/wp-content/uploads/elementor/css/post-905.css?ver=1769164371 → 200 (55ms, 6068B)
[2026-03-27T19:34:58.525Z] GET https://kwbeauty.pl/wp-content/uploads/elementor/css/post-4849.css?ver=1769164363 → 200 (54ms, 427B)
[2026-03-27T19:34:58.525Z] GET https://kwbeauty.pl/wp-content/uploads/elementor/css/post-4829.css?ver=1769164363 → 200 (56ms, 427B)
[2026-03-27T19:34:58.525Z] GET https://kwbeauty.pl/wp-content/plugins/woo-payu-payment-gateway/assets/css/payu-gateway.css?ver=2.9.0 → 200 (55ms, 4323B)
[2026-03-27T19:34:58.526Z] GET https://kwbeauty.pl/wp-content/plugins/wc-quantity-plus-minus-button/assets/css/style.css?ver=1.0.0 → 200 (53ms, 4004B)
[2026-03-27T19:34:58.526Z] GET https://kwbeauty.pl/wp-includes/js/jquery/jquery.min.js?ver=3.7.1 → 200 (60ms, 87553B)
[2026-03-27T19:34:58.526Z] GET https://kwbeauty.pl/wp-includes/js/jquery/jquery-migrate.min.js?ver=3.4.1 → 200 (60ms, 13577B)
[2026-03-27T19:34:58.526Z] GET https://kwbeauty.pl/wp-content/plugins/woocommerce/assets/js/jquery-blockui/jquery.blockUI.min.js?ver=2.7.0-wc.10.3.5 → 200 (60ms, 9636B)
[2026-03-27T19:34:58.526Z] GET https://kwbeauty.pl/wp-content/plugins/woocommerce/assets/js/frontend/add-to-cart.min.js?ver=10.3.5 → pending (?ms, ?B)
[2026-03-27T19:34:58.526Z] GET https://kwbeauty.pl/wp-content/plugins/woocommerce/assets/js/js-cookie/js.cookie.min.js?ver=2.1.4-wc.10.3.5 → pending (?ms, ?B)
[2026-03-27T19:34:58.526Z] GET https://kwbeauty.pl/wp-content/plugins/woocommerce/assets/js/frontend/woocommerce.min.js?ver=10.3.5 → pending (?ms, ?B)
[2026-03-27T19:34:58.526Z] GET https://kwbeauty.pl/wp-includes/js/jquery/jquery.form.min.js?ver=4.3.0 → 200 (60ms, 15977B)
[2026-03-27T19:34:58.526Z] GET https://kwbeauty.pl/wp-content/plugins/download-manager/assets/bootstrap/js/bootstrap.bundle.min.js?ver=6.8.3 → 200 (66ms, 80650B)
[2026-03-27T19:34:58.526Z] GET https://kwbeauty.pl/wp-content/plugins/download-manager/assets/js/front.js?ver=6.5.0 → 200 (67ms, 43914B)
[2026-03-27T19:34:58.526Z] GET https://kwbeauty.pl/wp-content/plugins/wpdm-premium-packages/assets/js/wpdmpp-front.js?ver=6.8.3 → 200 (67ms, 22233B)
[2026-03-27T19:34:58.526Z] GET https://kwbeauty.pl/wp-content/plugins/woocommerce/assets/js/frontend/cart-fragments.min.js?ver=10.3.5 → pending (?ms, ?B)
[2026-03-27T19:34:58.526Z] GET https://kwbeauty.pl/wp-content/plugins/pixelyoursite/dist/scripts/jquery.bind-first-0.2.3.min.js?ver=6.8.3 → 200 (67ms, 1317B)
[2026-03-27T19:34:58.526Z] GET https://kwbeauty.pl/wp-content/plugins/pixelyoursite/dist/scripts/js.cookie-2.1.3.min.js?ver=2.1.3 → 200 (67ms, 1709B)
[2026-03-27T19:34:58.526Z] GET https://kwbeauty.pl/wp-content/plugins/pixelyoursite/dist/scripts/tld.min.js?ver=2.3.1 → 200 (67ms, 141079B)
[2026-03-27T19:34:58.526Z] GET https://kwbeauty.pl/wp-content/plugins/pixelyoursite/dist/scripts/public.js?ver=11.1.3 → 200 (73ms, 155047B)
[2026-03-27T19:34:58.527Z] GET https://kwbeauty.pl/wp-content/uploads/2023/12/Zasob-1.svg → pending (?ms, ?B)
[2026-03-27T19:34:58.527Z] GET https://dev.kwbeauty.pl/wp-content/uploads/2024/03/bimb.png → pending (?ms, ?B)
[2026-03-27T19:34:58.527Z] GET https://kwbeauty.pl/wp-content/uploads/2023/12/IKONA_PANEL_KLIENTA_BLACK.svg → 200 (54ms, 2368B)
[2026-03-27T19:34:58.527Z] GET https://kwbeauty.pl/wp-content/uploads/2026/01/newsletter-600x864.jpg → 200 (54ms, 54824B)
[2026-03-27T19:34:58.527Z] GET https://kwbeauty.pl/cdn-cgi/scripts/5c5dd728/cloudflare-static/email-decode.min.js → 200 (92ms, 1239B)
[2026-03-27T19:34:58.527Z] GET https://kwbeauty.pl/wp-content/plugins/woocommerce/assets/client/blocks/wc-blocks.css?ver=wc-10.3.5 → 200 (118ms, 14006B)
[2026-03-27T19:34:58.527Z] GET https://kwbeauty.pl/wp-content/plugins/dynamic-content-for-elementor/assets/css/style.min.css?ver=3.1.2 → 200 (146ms, 6466B)
[2026-03-27T19:34:58.527Z] GET https://kwbeauty.pl/wp-content/plugins/dynamic-content-for-elementor/assets/css/dynamic-visibility.min.css?ver=3.1.2 → 200 (172ms, 1251B)
[2026-03-27T19:34:58.527Z] GET https://kwbeauty.pl/wp-content/uploads/elementor/css/post-6971.css?ver=1769164363 → 200 (197ms, 794B)
[2026-03-27T19:34:58.527Z] GET https://kwbeauty.pl/wp-content/plugins/elementor-pro/assets/css/widget-search.min.css?ver=3.27.7 → 200 (221ms, 13447B)
[2026-03-27T19:34:58.527Z] GET https://kwbeauty.pl/wp-content/plugins/woocommerce-product-feeds/vendor-prefixed/leewillis77/dismissible-wp-notices/js/dismissible-wp-notices.js?ver=1.0 → pending (?ms, ?B)
[2026-03-27T19:34:58.527Z] GET https://static.klaviyo.com/onsite/js/XqBhS3/klaviyo.js?ver=3.7.2 → pending (?ms, ?B)
[2026-03-27T19:34:58.527Z] GET https://kwbeauty.pl/wp-includes/js/dist/hooks.min.js?ver=4d63a3d491d11ffd8ac6 → pending (?ms, ?B)
[2026-03-27T19:34:58.527Z] GET https://kwbeauty.pl/wp-includes/js/dist/i18n.min.js?ver=5e580eb46a90c2b997e6 → pending (?ms, ?B)
[2026-03-27T19:34:58.527Z] GET https://kwbeauty.pl/wp-content/plugins/contact-form-7/includes/swv/js/index.js?ver=6.1.4 → pending (?ms, ?B)
[2026-03-27T19:34:58.527Z] GET https://kwbeauty.pl/wp-content/plugins/contact-form-7/includes/js/index.js?ver=6.1.4 → pending (?ms, ?B)
[2026-03-27T19:34:58.527Z] GET https://kwbeauty.pl/wp-content/plugins/added-to-cart-popup-woocommerce/assets/js/xoo-cp-js.js?ver=1.7 → pending (?ms, ?B)
[2026-03-27T19:34:58.528Z] GET https://kwbeauty.pl/wp-content/plugins/duracelltomi-google-tag-manager/dist/js/gtm4wp-ecommerce-generic.js?ver=1.22.1 → pending (?ms, ?B)
[2026-03-27T19:34:58.528Z] GET https://kwbeauty.pl/wp-content/plugins/duracelltomi-google-tag-manager/dist/js/gtm4wp-woocommerce.js?ver=1.22.1 → pending (?ms, ?B)
[2026-03-27T19:34:58.528Z] GET https://kwbeauty.pl/wp-includes/js/underscore.min.js?ver=1.13.7 → pending (?ms, ?B)
[2026-03-27T19:34:58.528Z] GET https://kwbeauty.pl/wp-includes/js/wp-util.min.js?ver=6.8.3 → pending (?ms, ?B)
[2026-03-27T19:34:58.528Z] GET https://kwbeauty.pl/wp-includes/js/api-request.min.js?ver=6.8.3 → pending (?ms, ?B)
[2026-03-27T19:34:58.528Z] GET https://kwbeauty.pl/wp-includes/js/dist/vendor/wp-polyfill.min.js?ver=3.15.0 → pending (?ms, ?B)
[2026-03-27T19:34:58.528Z] GET https://kwbeauty.pl/wp-includes/js/dist/url.min.js?ver=c2964167dfe2477c14ea → pending (?ms, ?B)
[2026-03-27T19:34:58.528Z] GET https://kwbeauty.pl/wp-includes/js/dist/api-fetch.min.js?ver=3623a576c78df404ff20 → pending (?ms, ?B)
[2026-03-27T19:34:58.528Z] GET https://kwbeauty.pl/wp-content/plugins/woo-variation-swatches/assets/js/frontend.min.js?ver=1762869909 → pending (?ms, ?B)
[2026-03-27T19:34:58.528Z] GET https://kwbeauty.pl/wp-content/plugins/woo-mailerlite/public/js/universal/rewrite-universal.js → pending (?ms, ?B)
[2026-03-27T19:34:58.528Z] GET https://kwbeauty.pl/wp-content/themes/hello-dream-county/assets/js/hello-frontend.min.js?ver=1.0.0 → pending (?ms, ?B)
[2026-03-27T19:34:58.528Z] GET https://kwbeauty.pl/wp-content/themes/hello-dream-county/js/filmy.js → pending (?ms, ?B)
[2026-03-27T19:34:58.528Z] GET https://cdnjs.cloudflare.com/ajax/libs/select2/4.0.13/js/select2.min.js?ver=6.8.3 → pending (?ms, ?B)
[2026-03-27T19:34:58.528Z] GET https://kwbeauty.pl/wp-content/themes/hello-dream-county/js/my-select2-init.js?ver=6.8.3 → pending (?ms, ?B)
[2026-03-27T19:34:58.528Z] GET https://kwbeauty.pl/wp-content/themes/hello-dream-county/js/zabiegi-taby.js?ver=6.8.3 → pending (?ms, ?B)
[2026-03-27T19:34:58.528Z] GET https://kwbeauty.pl/wp-content/themes/hello-dream-county/js/szkolenia-taby.js?ver=69c6dbe246659 → pending (?ms, ?B)
[2026-03-27T19:34:58.528Z] GET https://kwbeauty.pl/wp-content/themes/hello-dream-county/js/autoupdate-cart.js?ver=6.8.3 → pending (?ms, ?B)
[2026-03-27T19:34:58.528Z] GET https://kwbeauty.pl/wp-content/themes/hello-dream-county/js/logowanie.js?ver=6.8.3 → pending (?ms, ?B)
[2026-03-27T19:34:58.528Z] GET https://kwbeauty.pl/wp-content/themes/hello-dream-county/js/circle.js?ver=6.8.3 → pending (?ms, ?B)
[2026-03-27T19:34:58.528Z] GET https://kwbeauty.pl/wp-content/themes/hello-dream-county/js/checkbox.js?ver=6.8.3 → pending (?ms, ?B)
[2026-03-27T19:34:58.528Z] GET https://kwbeauty.pl/wp-content/themes/hello-dream-county/js/walidacja.js?ver=6.8.3 → pending (?ms, ?B)
[2026-03-27T19:34:58.528Z] GET https://kwbeauty.pl/wp-content/themes/hello-dream-county/js/ruch.js?ver=6.8.3 → pending (?ms, ?B)
[2026-03-27T19:34:58.528Z] GET https://kwbeauty.pl/wp-content/themes/hello-dream-county/js/walidacjacheckout.js?ver=6.8.3 → pending (?ms, ?B)
[2026-03-27T19:34:58.528Z] GET https://kwbeauty.pl/wp-content/themes/hello-dream-county/js/prevent.js?ver=69c6dbe2466b4 → pending (?ms, ?B)
[2026-03-27T19:34:58.529Z] GET https://kwbeauty.pl/wp-content/themes/hello-dream-county/js/stars.js?ver=6.8.3 → pending (?ms, ?B)
[2026-03-27T19:34:58.529Z] GET https://kwbeauty.pl/wp-content/themes/hello-dream-county/js/analiza.js?ver=6.8.3 → pending (?ms, ?B)
[2026-03-27T19:34:58.529Z] GET https://kwbeauty.pl/wp-content/themes/hello-dream-county/js/date-preorder.js?ver=6.8.3 → pending (?ms, ?B)
[2026-03-27T19:34:58.529Z] GET https://kwbeauty.pl/wp-content/themes/hello-dream-county/js/my-orders.js?ver=6.8.3 → pending (?ms, ?B)
[2026-03-27T19:34:58.529Z] GET https://kwbeauty.pl/wp-content/themes/hello-dream-county/js/speaker-fade.js?ver=6.8.3 → pending (?ms, ?B)
[2026-03-27T19:34:58.529Z] GET https://kwbeauty.pl/wp-content/themes/hello-dream-county/js/daneproduktu.js?ver=6.8.3 → pending (?ms, ?B)
[2026-03-27T19:34:58.529Z] GET https://kwbeauty.pl/wp-content/themes/hello-dream-county/js/functions.js?ver=69c6dbe24669a → pending (?ms, ?B)
[2026-03-27T19:34:58.529Z] GET https://kwbeauty.pl/wp-content/themes/hello-dream-county/js/custom-add-to-cart.js → pending (?ms, ?B)
[2026-03-27T19:34:58.529Z] GET https://kwbeauty.pl/wp-content/themes/hello-dream-county/kurs.js?ver=1769604676 → pending (?ms, ?B)
[2026-03-27T19:34:58.529Z] GET https://kwbeauty.pl/wp-content/themes/hello-dream-county/js/header.js?ver=1769604695 → pending (?ms, ?B)
[2026-03-27T19:34:58.529Z] GET https://kwbeauty.pl/wp-content/plugins/elementor/assets/js/webpack.runtime.min.js?ver=3.33.0 → pending (?ms, ?B)
[2026-03-27T19:34:58.529Z] GET https://kwbeauty.pl/wp-content/plugins/elementor/assets/js/frontend-modules.min.js?ver=3.33.0 → pending (?ms, ?B)
[2026-03-27T19:34:58.529Z] GET https://kwbeauty.pl/wp-includes/js/jquery/ui/core.min.js?ver=1.13.3 → pending (?ms, ?B)
[2026-03-27T19:34:58.529Z] GET https://kwbeauty.pl/wp-content/plugins/elementor/assets/js/frontend.min.js?ver=3.33.0 → pending (?ms, ?B)
[2026-03-27T19:34:58.529Z] GET https://kwbeauty.pl/wp-content/plugins/elementor-pro/assets/lib/smartmenus/jquery.smartmenus.min.js?ver=1.2.1 → pending (?ms, ?B)
[2026-03-27T19:34:58.529Z] GET https://kwbeauty.pl/wp-content/plugins/woo-payu-payment-gateway/assets/js/payu-gateway.js?ver=2.9.0 → pending (?ms, ?B)
[2026-03-27T19:34:58.529Z] GET https://kwbeauty.pl/wp-content/plugins/woocommerce/assets/js/sourcebuster/sourcebuster.min.js?ver=10.3.5 → pending (?ms, ?B)
[2026-03-27T19:34:58.529Z] GET https://kwbeauty.pl/wp-content/plugins/woocommerce/assets/js/frontend/order-attribution.min.js?ver=10.3.5 → pending (?ms, ?B)
[2026-03-27T19:34:58.529Z] GET https://kwbeauty.pl/wp-content/plugins/klaviyo/inc/js/kl-identify-browser.js?ver=3.7.2 → pending (?ms, ?B)
[2026-03-27T19:34:58.529Z] GET https://kwbeauty.pl/wp-content/plugins/wc-quantity-plus-minus-button/assets/js/scripts.js?ver=1.0.0 → pending (?ms, ?B)
[2026-03-27T19:34:58.529Z] GET https://kwbeauty.pl/wp-content/plugins/wc-quantity-plus-minus-button/assets/js/ajax-add-to-cart.js?ver=1.0.0 → pending (?ms, ?B)
[2026-03-27T19:34:58.530Z] GET https://kwbeauty.pl/wp-content/plugins/elementor-pro/assets/js/webpack-pro.runtime.min.js?ver=3.27.7 → pending (?ms, ?B)
[2026-03-27T19:34:58.530Z] GET https://kwbeauty.pl/wp-content/plugins/elementor-pro/assets/js/frontend.min.js?ver=3.27.7 → pending (?ms, ?B)
[2026-03-27T19:34:58.530Z] GET https://kwbeauty.pl/wp-content/plugins/elementor-pro/assets/js/elements-handlers.min.js?ver=3.27.7 → pending (?ms, ?B)
[2026-03-27T19:34:59.190Z] GET https://analytics.tiktok.com/i18n/pixel/events.js?sdkid=CSVLFDRC77U9L9BME3F0&lib=ttq → pending (?ms, ?B)
[2026-03-27T19:34:59.191Z] GET blob:https://kwbeauty.pl/1b87ecf9-9690-4f99-8e61-f7145fb60c2e → 200 (12ms, ?B)
[2026-03-27T19:34:59.199Z] GET https://kwbeauty.pl/wp-content/plugins/woocommerce/assets/css/woocommerce-smallscreen.css?ver=10.3.5 → 200 (94ms, 7527B)
[2026-03-27T19:34:59.224Z] GET https://www.googletagmanager.com/gtm.js?id=GTM-PT6V7K7N → 200 (147ms, 420796B)
[2026-03-27T19:34:59.238Z] GET https://www.mediraty.pl/kalkulator/kalkulator-medipay.php?klinikain=9230 → pending (?ms, ?B)
[2026-03-27T19:34:59.238Z] GET https://www.mediraty.pl/kalkulator/kalkulator.php?klinikain=9203 → pending (?ms, ?B)
[2026-03-27T19:34:59.262Z] GET https://www.kwbeauty.pl/wp-content/uploads/2023/12/IKONA_KOSZYK_BLACK.svg → pending (?ms, ?B)
[2026-03-27T19:34:59.262Z] GET https://www.kwbeauty.pl/wp-content/uploads/2024/01/IKONA_X_WYJSCIE.svg → pending (?ms, ?B)
[2026-03-27T19:34:59.262Z] GET https://kwbeauty.pl/wp-content/themes/hello-dream-county/css/Now-Light.woff2 → 200 (78ms, 18552B)
[2026-03-27T19:34:59.262Z] GET https://kwbeauty.pl/wp-content/themes/hello-dream-county/css/ArticulatCF-Thin.woff2 → 200 (95ms, 27976B)
[2026-03-27T19:34:59.262Z] GET https://kwbeauty.pl/wp-content/plugins/added-to-cart-popup-woocommerce/assets/css/fonts/added-to-cart-popup-woocommerce.ttf?7r0p13 → 200 (47ms, 1932B)
[2026-03-27T19:34:59.262Z] GET https://kwbeauty.pl/wp-content/uploads/2025/11/basic-1-1481x2048-new-600x864.jpg → 200 (34ms, 52392B)
[2026-03-27T19:34:59.262Z] GET https://kwbeauty.pl/wp-content/uploads/2025/11/master-1-1481x2048-new-600x864.jpg → 200 (49ms, 49049B)
[2026-03-27T19:34:59.262Z] GET https://kwbeauty.pl/wp-content/uploads/2025/11/basicmaster-1-1481x2048-new-600x864.jpg → 200 (33ms, 47910B)
[2026-03-27T19:34:59.262Z] GET https://kwbeauty.pl/wp-content/uploads/2025/03/OKLADKA-1-new-1422x2048-new-600x864.jpg → 200 (33ms, 52383B)
[2026-03-27T19:34:59.262Z] GET https://kwbeauty.pl/wp-content/uploads/2024/11/KONSULTACJA-ONLINE-1481x2048-new-600x864.jpg → 200 (41ms, 34787B)
[2026-03-27T19:34:59.265Z] GET https://kwbeauty.pl/wp-content/uploads/2024/11/Kopia-%E2%80%93-MORE-THAN-1000-x-1440-px-1-600x864.png → 200 (42ms, 440501B)
[2026-03-27T19:34:59.265Z] GET https://kwbeauty.pl/wp-content/uploads/2024/05/4-scaled-e1731604670134-1478x2048-new-600x864.jpg → 200 (61ms, 46763B)
[2026-03-27T19:34:59.265Z] GET https://kwbeauty.pl/wp-content/uploads/2024/04/5-scaled-new-600x864.jpg → 200 (46ms, 33729B)
[2026-03-27T19:34:59.265Z] GET https://kwbeauty.pl/wp-content/uploads/2023/12/SZKOLENIE_ONLINE_PIERWSZA_POMOC-600x864.webp → 200 (53ms, 38832B)
[2026-03-27T19:34:59.265Z] GET https://kwbeauty.pl/wp-content/uploads/2023/12/6-1482x2048-new-600x864.jpg → 200 (46ms, 36328B)
[2026-03-27T19:34:59.265Z] GET https://kwbeauty.pl/wp-content/uploads/2023/12/8-1481x2048-new-600x864.jpg → 200 (58ms, 48783B)
[2026-03-27T19:34:59.265Z] GET https://kwbeauty.pl/wp-content/uploads/2023/12/RYSUNEK_WSTEPNY_OKLADKA-1-e1704696825516-600x867.webp → 200 (60ms, 49906B)
[2026-03-27T19:34:59.266Z] GET https://assets.mailerlite.com/js/universal.js → pending (?ms, ?B)
[2026-03-27T19:34:59.390Z] GET https://consent.cookiebot.com/uc.js?cbid=e8161fec-d567-462f-a6da-a6522f636353&implementation=gtm&consentmode-dataredaction=dynamic → pending (?ms, ?B)
[2026-03-27T19:34:59.390Z] GET https://www.googletagmanager.com/gtag/js?id=G-9WSNBDEP4Q&cx=c&gtm=4e63p1 → 200 (115ms, 534746B)
[2026-03-27T19:34:59.828Z] POST https://www.kwbeauty.pl/wp-admin/admin-ajax.php → pending (?ms, ?B)
[2026-03-27T19:34:59.836Z] GET https://kwbeauty.pl/wp-admin/admin-ajax.php?action=pys_get_pbid → pending (?ms, ?B)
[2026-03-27T19:34:59.836Z] GET https://connect.facebook.net/en_US/fbevents.js → 200 (799ms, 365097B)
[2026-03-27T19:34:59.836Z] POST https://kwbeauty.pl/wp-json/pys-facebook/v1/event → pending (?ms, ?B)
[2026-03-27T19:34:59.846Z] GET https://kwbeauty.pl/wp-content/plugins/elementor/assets/lib/dialog/dialog.min.js?ver=4.9.3 → 200 (28ms, 11622B)
[2026-03-27T19:34:59.849Z] POST https://kwbeauty.pl/?wc-ajax=get_refreshed_fragments → pending (?ms, ?B)
[2026-03-27T19:34:59.851Z] GET https://kwbeauty.pl/wp-content/plugins/elementor/assets/js/shared-frontend-handlers.03caa53373b56d3bab67.bundle.min.js → 200 (28ms, 8481B)
[2026-03-27T19:34:59.852Z] GET https://kwbeauty.pl/wp-content/plugins/elementor-pro/assets/js/nav-menu.a23fbd67486c5bedf26c.bundle.min.js → 200 (29ms, 5282B)
[2026-03-27T19:34:59.853Z] GET https://kwbeauty.pl/wp-content/plugins/elementor-pro/assets/js/woocommerce-menu-cart.eb61fe086245485310a4.bundle.min.js → 200 (27ms, 4731B)
[2026-03-27T19:34:59.855Z] GET https://kwbeauty.pl/wp-content/plugins/elementor/assets/js/text-editor.45609661e409413f1cef.bundle.min.js → 200 (26ms, 1348B)
[2026-03-27T19:34:59.928Z] GET https://assets.mailerlite.com/css/universal.css → 200 (24ms, 931B)
[2026-03-27T19:34:59.958Z] GET https://kwbeauty.pl/wp-content/uploads/2024/01/IKONA_X_WYJSCIE.svg → 200 (371ms, 1347B)
[2026-03-27T19:34:59.958Z] GET https://kwbeauty.pl/wp-content/uploads/2023/12/IKONA_KOSZYK_BLACK.svg → 200 (371ms, 1941B)
[2026-03-27T19:35:00.383Z] GET https://static-tracking.klaviyo.com/onsite/js/build-preview/commit-7d45279680dba75ce54c8c928d77f5b3576ad867/fender_analytics.e5aba8b3a52dc623782c.js?cb=2 → pending (?ms, ?B)
[2026-03-27T19:35:00.383Z] GET https://static-tracking.klaviyo.com/onsite/js/build-preview/commit-7d45279680dba75ce54c8c928d77f5b3576ad867/static.05920b16793f2a456e22.js?cb=2 → pending (?ms, ?B)
[2026-03-27T19:35:00.383Z] GET https://static-tracking.klaviyo.com/onsite/js/build-preview/commit-7d45279680dba75ce54c8c928d77f5b3576ad867/vendors~static~in_app_forms~signup_forms~post_identification_sync~web_personalization~client_identity~reviews~telemetry~customerHubRoot~renderFavoritesButton~renderFavoritesIconButton~FavoritesButtonElement~renderFaqWidget~.2cc0e8eaac59e1064c76.js?cb=2 → pending (?ms, ?B)
[2026-03-27T19:35:00.383Z] GET https://static.klaviyo.com/onsite/js/build-preview/commit-7d45279680dba75ce54c8c928d77f5b3576ad867/runtime.d0d5393b338c8114d7b5.js?cb=2 → pending (?ms, ?B)
[2026-03-27T19:35:00.389Z] GET https://static.klaviyo.com/onsite/js/build-preview/commit-7d45279680dba75ce54c8c928d77f5b3576ad867/sharedUtils.f1784c431d0b177da8f4.js?cb=2 → pending (?ms, ?B)
[2026-03-27T19:35:00.389Z] GET https://static.klaviyo.com/onsite/js/build-preview/commit-7d45279680dba75ce54c8c928d77f5b3576ad867/vendors~static~in_app_forms~signup_forms~post_identification_sync~web_personalization~client_identity~reviews~telemetry~customerHubRoot~renderFavoritesButton~renderFavoritesIconButton~FavoritesButtonElement~renderFaqWidget~.2cc0e8eaac59e1064c76.js?cb=2 → pending (?ms, ?B)
[2026-03-27T19:35:00.389Z] GET https://static.klaviyo.com/onsite/js/build-preview/commit-7d45279680dba75ce54c8c928d77f5b3576ad867/vendors~in_app_forms~signup_forms~client_identity~telemetry~onsite-triggering-v2~onsite-triggering~.00140035a0ee1bdef5e1.js?cb=2 → pending (?ms, ?B)
[2026-03-27T19:35:00.390Z] GET https://static.klaviyo.com/onsite/js/build-preview/commit-7d45279680dba75ce54c8c928d77f5b3576ad867/vendors~in_app_forms~signup_forms~reviews~atlas.0201e888d834a3782e3a.js?cb=2 → pending (?ms, ?B)
[2026-03-27T19:35:00.390Z] GET https://static.klaviyo.com/onsite/js/build-preview/commit-7d45279680dba75ce54c8c928d77f5b3576ad867/vendors~in_app_forms~signup_forms.a899b049d575de74ade1.js?cb=2 → pending (?ms, ?B)
[2026-03-27T19:35:00.390Z] GET https://static.klaviyo.com/onsite/js/build-preview/commit-7d45279680dba75ce54c8c928d77f5b3576ad867/default~in_app_forms~signup_forms.a9953a1681e0d8106e3e.js?cb=2 → pending (?ms, ?B)
[2026-03-27T19:35:00.390Z] GET https://static.klaviyo.com/onsite/js/build-preview/commit-7d45279680dba75ce54c8c928d77f5b3576ad867/signup_forms.b91963e01b14e3963e32.js?cb=2 → pending (?ms, ?B)
[2026-03-27T19:35:00.390Z] GET https://static-tracking.klaviyo.com/onsite/js/build-preview/commit-7d45279680dba75ce54c8c928d77f5b3576ad867/post_identification_sync.e290d099b5bfa48fdae0.js?cb=2 → pending (?ms, ?B)
[2026-03-27T19:35:00.394Z] GET https://static.klaviyo.com/onsite/js/build-preview/commit-7d45279680dba75ce54c8c928d77f5b3576ad867/event_adapter.4f7be3f375ef0d59c121.js?cb=2 → pending (?ms, ?B)
[2026-03-27T19:35:00.394Z] GET https://static-tracking.klaviyo.com/onsite/js/build-preview/commit-7d45279680dba75ce54c8c928d77f5b3576ad867/vendors~in_app_forms~signup_forms~client_identity~telemetry~onsite-triggering-v2~onsite-triggering~.00140035a0ee1bdef5e1.js?cb=2 → pending (?ms, ?B)
[2026-03-27T19:35:00.394Z] GET https://static-tracking.klaviyo.com/onsite/js/build-preview/commit-7d45279680dba75ce54c8c928d77f5b3576ad867/telemetry.252f3f2a5777c4acc847.js?cb=2 → pending (?ms, ?B)
[2026-03-27T19:35:00.489Z] GET https://analytics.tiktok.com/i18n/pixel/static/main.MTJlMjhkNzMyMQ.js → 200 (175ms, 481581B)
[2026-03-27T19:35:00.520Z] GET https://consentcdn.cookiebot.com/sdk/bc-v4.min.html → pending (?ms, ?B)
[2026-03-27T19:35:00.522Z] GET https://consentcdn.cookiebot.com/consentconfig/e8161fec-d567-462f-a6da-a6522f636353/settings.json → pending (?ms, ?B)
[2026-03-27T19:35:00.522Z] GET https://consent.cookiebot.com/e8161fec-d567-462f-a6da-a6522f636353/cc.js?renew=false&referer=kwbeauty.pl&dnt=false&init=false → 200 (195ms, 367B)
[2026-03-27T19:35:00.661Z] GET https://connect.facebook.net/signals/config/3489176711373561?v=2.9.281&r=stable&domain=kwbeauty.pl&hme=7561e8db2489737df4c74b634c943d82cefbf4e67acc7fda2493ff919471f0aa&ex_m=101%2C194%2C143%2C22%2C69%2C70%2C136%2C65%2C64%2C11%2C151%2C87%2C16%2C130%2C123%2C72%2C75%2C129%2C148%2C153%2C8%2C4%2C5%2C7%2C6%2C3%2C88%2C98%2C154%2C159%2C208%2C59%2C175%2C176%2C52%2C264%2C30%2C71%2C220%2C219%2C218%2C23%2C32%2C100%2C58%2C10%2C60%2C94%2C95%2C96%2C102%2C126%2C31%2C29%2C128%2C125%2C124%2C144%2C73%2C147%2C145%2C146%2C47%2C57%2C119%2C15%2C150%2C42%2C251%2C252%2C250%2C26%2C27%2C28%2C45%2C137%2C74%2C109%2C18%2C20%2C41%2C37%2C39%2C38%2C80%2C89%2C93%2C107%2C135%2C138%2C43%2C108%2C24%2C21%2C115%2C66%2C35%2C140%2C139%2C141%2C132%2C131%2C25%2C34%2C56%2C106%2C149%2C67%2C17%2C142%2C111%2C78%2C63%2C19%2C82%2C83%2C112%2C81%2C33%2C280%2C201%2C190%2C191%2C189%2C283%2C275%2C49%2C202%2C104%2C127%2C77%2C117%2C51%2C44%2C46%2C110%2C116%2C122%2C55%2C61%2C50%2C53%2C97%2C152%2C1%2C120%2C14%2C118%2C12%2C2%2C54%2C90%2C62%2C114%2C86%2C85%2C155%2C156%2C91%2C92%2C9%2C121%2C99%2C48%2C133%2C84%2C76%2C68%2C113%2C103%2C40%2C134%2C0%2C79%2C36%2C105%2C13%2C157 → pending (?ms, ?B)
[2026-03-27T19:35:00.704Z] GET https://analytics.tiktok.com/i18n/pixel/static/identify_5cff1caf.js → 200 (51ms, ?B)
[2026-03-27T19:35:00.704Z] POST https://analytics-ipv6.tiktokw.us/ipv6/enrich_ipv6 → pending (?ms, ?B)
[2026-03-27T19:35:00.704Z] POST https://analytics.tiktok.com/api/v2/pixel → pending (?ms, ?B)
[2026-03-27T19:35:00.704Z] POST https://analytics.tiktok.com/api/v2/pixel → pending (?ms, ?B)
[2026-03-27T19:35:00.924Z] POST https://analytics.tiktok.com/api/v2/pixel/act → 200 (176ms, ?B)
[2026-03-27T19:35:01.130Z] POST https://kwbeauty.pl/wp-admin/admin-ajax.php → 200 (447ms, 1561B)
[2026-03-27T19:35:01.244Z] GET https://fast.a.klaviyo.com/custom-fonts/api/v1/company-fonts/onsite?company_id=XqBhS3 → pending (?ms, ?B)
[2026-03-27T19:35:01.244Z] GET https://static.klaviyo.com/onsite/js/build-preview/commit-7d45279680dba75ce54c8c928d77f5b3576ad867/vendors~Render~ClientStore~~~onsite-back-in-stock.7d7b5b811b79d6bdfaae.js → 200 (25ms, 5101B)
[2026-03-27T19:35:01.244Z] GET https://static.klaviyo.com/onsite/js/build-preview/commit-7d45279680dba75ce54c8c928d77f5b3576ad867/1011.4171aa1cf32fdc822472.js → 200 (26ms, 26621B)
[2026-03-27T19:35:01.277Z] GET https://a.klaviyo.com/forms/api/v3/geo-ip → pending (?ms, ?B)
[2026-03-27T19:35:01.528Z] POST https://pagead2.googlesyndication.com/ccm/collect?frm=0&ae=g&en=page_view&dl=https%3A%2F%2Fkwbeauty.pl%2Fkategoria-produktu%2Fkursy-online%2F&scrsrc=www.googletagmanager.com&rnd=201702168.1774640102&navt=n&npa=1&us_privacy=1YNY&ep.ads_data_redaction=1&gdid=dMWZhNz&_tu=CA&gtm=45He63p1v9174453137za200zd9174453137xea&gcs=G100&gcd=13p3p3p2p5l1&dma_cps=-&dma=1&tag_exp=0~115938466~115938469~117266401~117484252&apve=1&apvf=f&apvc=1&tft=1774640101526&tfd=6336 → pending (?ms, ?B)
[2026-03-27T19:35:01.528Z] POST https://pagead2.googlesyndication.com/ccm/collect?frm=0&en=page_view&dl=https%3A%2F%2Fkwbeauty.pl%2Fkategoria-produktu%2Fkursy-online%2F&scrsrc=www.googletagmanager.com&rnd=201702168.1774640102&navt=n&npa=1&us_privacy=1YNY&did=dMWZhNz&gdid=dMWZhNz&_tu=CA&gtm=45je63p1v9174458861z89174453137za20gzb9174453137zd9174453137xec&gcs=G100&gcd=13p3p3p2p5l1&dma_cps=-&dma=1&tag_exp=0~115616986~115938466~115938468~116991817~117266400~117484252&apve=1&apvf=f&apvc=0&tids=AW-11462484124&tid=AW-11462484124&tft=1774640101526&tfd=6337 → pending (?ms, ?B)
[2026-03-27T19:35:01.535Z] POST https://region1.google-analytics.com/g/collect?v=2&tid=G-9WSNBDEP4Q&gtm=45je63p1v9174458861z89174453137za20gzb9174453137zd9174453137&_p=1774640099222&gcs=G100&gcd=13p3p3p2p5l1&npa=1&dma_cps=-&dma=1&gdid=dMWZhNz&cid=820234516.1774640102&ul=en-us&sr=1280x720&uaa=arm&uab=64&uafvl=Not%253AA-Brand%3B99.0.0.0%7CHeadlessChrome%3B145.0.7632.6%7CChromium%3B145.0.7632.6&uamb=0&uam=&uap=macOS&uapv=26.3.1&uaw=0&are=1&frm=0&pscdl=denied&_eu=AAAAAGA&gaf=2&_s=1&tag_exp=0~115616986~115938466~115938468~116991817~117266400~117484252&sid=1774640099&sct=1&seg=0&dl=https%3A%2F%2Fkwbeauty.pl%2Fkategoria-produktu%2Fkursy-online%2F&dt=Kursy%20online%20-%20KWBEAUTY%20-%20makija%C5%BC%20permanentny&_tu=CA&en=page_view&_fv=1&_nsi=1&_ss=1&tfd=6344 → 204 (38ms, ?B)
[2026-03-27T19:35:02.075Z] GET https://static-forms.klaviyo.com/forms/api/v7/XqBhS3/full-forms → pending (?ms, ?B)
[2026-03-27T19:35:02.846Z] GET https://static.klaviyo.com/onsite/js/build-preview/commit-7d45279680dba75ce54c8c928d77f5b3576ad867/default~Render~back-in-stock-dynamic-button-handler~ClientStore~.4bf11aa64a4ba2568a3b.js → 200 (23ms, 13303B)
[2026-03-27T19:35:02.846Z] GET https://static.klaviyo.com/onsite/js/build-preview/commit-7d45279680dba75ce54c8c928d77f5b3576ad867/default~Render~ClientStore~~onsite-back-in-stock.d095d93e14859373a01c.js → 200 (26ms, 14249B)
[2026-03-27T19:35:02.846Z] GET https://static.klaviyo.com/onsite/js/build-preview/commit-7d45279680dba75ce54c8c928d77f5b3576ad867/default~Render~ClientStore~.bbae2a452c6bde14e4ff.js → 200 (27ms, 70922B)
[2026-03-27T19:35:02.847Z] GET https://static.klaviyo.com/onsite/js/build-preview/commit-7d45279680dba75ce54c8c928d77f5b3576ad867/ClientStore.71b80e24d15fcab5e111.js → 200 (25ms, 8758B)
[2026-03-27T19:35:02.880Z] GET https://static.klaviyo.com/onsite/js/build-preview/commit-7d45279680dba75ce54c8c928d77f5b3576ad867/onsite-triggering-v2.157fc6efbfb4a313b662.js → 200 (25ms, 20285B)
[2026-03-27T19:35:09.040Z] GET https://swiadomakosmetologia.pl/ → pending (?ms, ?B)
[2026-03-27T19:35:09.040Z] POST https://kwbeauty.pl/wp-admin/admin-ajax.php → 200 (647ms, ?B)
[2026-03-27T19:35:16.420Z] GET https://swiadomakosmetologia.pl/wp-content/plugins/header-footer-elementor/inc/widgets-css/frontend.css?ver=2.5.2 → 200 (31ms, 80163B)
[2026-03-27T19:35:16.420Z] GET https://swiadomakosmetologia.pl/wp-content/plugins/shopengine/assets/css/shopengine-public.css?ver=4.8.4 → 200 (28ms, 21012B)
[2026-03-27T19:35:16.420Z] GET https://swiadomakosmetologia.pl/wp-content/plugins/shopengine/widgets/init/assets/css/widget-frontend.css?ver=4.8.4 → 200 (87ms, 302993B)
[2026-03-27T19:35:16.420Z] GET https://swiadomakosmetologia.pl/wp-content/plugins/elementor/assets/lib/font-awesome/css/all.css?ver=4.8.4 → 200 (85ms, 73625B)
[2026-03-27T19:35:16.420Z] GET https://swiadomakosmetologia.pl/wp-content/plugins/woocommerce/assets/client/blocks/wc-blocks.css?ver=wc-10.2.4 → 200 (87ms, 14006B)
[2026-03-27T19:35:16.420Z] GET https://swiadomakosmetologia.pl/wp-content/plugins/contact-form-7/includes/css/styles.css?ver=6.1.2 → 200 (88ms, 2947B)
[2026-03-27T19:35:16.420Z] GET https://swiadomakosmetologia.pl/wp-content/plugins/tutor/assets/css/tutor-icon.min.css?ver=3.8.3 → 200 (90ms, 15482B)
[2026-03-27T19:35:16.420Z] GET https://swiadomakosmetologia.pl/wp-content/plugins/tutor/assets/css/tutor.min.css?ver=3.8.3 → 200 (76ms, 281215B)
[2026-03-27T19:35:16.420Z] GET https://swiadomakosmetologia.pl/wp-content/plugins/tutor/assets/css/tutor-front.min.css?ver=3.8.3 → 200 (78ms, 137372B)
[2026-03-27T19:35:16.420Z] GET https://swiadomakosmetologia.pl/wp-content/plugins/tutor-pro/assets/lib/codesample/prism.css?ver=3.8.3 → 200 (73ms, 2426B)
[2026-03-27T19:35:16.420Z] GET https://swiadomakosmetologia.pl/wp-content/plugins/tutor-pro/assets/css/front.css?ver=3.8.3 → 200 (84ms, 15603B)
[2026-03-27T19:35:16.420Z] GET https://swiadomakosmetologia.pl/wp-content/plugins/tutor-pro/addons/enrollments/assets/css/enroll.css?ver=3.8.3 → 200 (85ms, 1116B)
[2026-03-27T19:35:16.420Z] GET https://swiadomakosmetologia.pl/wp-content/plugins/header-footer-elementor/assets/css/header-footer-elementor.css?ver=2.5.2 → 200 (90ms, 776B)
[2026-03-27T19:35:16.420Z] GET https://swiadomakosmetologia.pl/wp-content/plugins/qode-essential-addons/inc/plugins/elementor/assets/css/elementor.min.css?ver=6.9.4 → 200 (76ms, 17136B)
[2026-03-27T19:35:16.420Z] GET https://swiadomakosmetologia.pl/wp-content/plugins/elementor/assets/css/frontend.min.css?ver=3.32.4 → 200 (170ms, 53614B)
[2026-03-27T19:35:16.420Z] GET https://swiadomakosmetologia.pl/wp-content/plugins/essential-addons-for-elementor-lite/assets/front-end/css/view/general.min.css?ver=6.3.3 → 200 (169ms, 7746B)
[2026-03-27T19:35:16.420Z] GET https://swiadomakosmetologia.pl/wp-content/uploads/essential-addons-elementor/eael-11.css?ver=1760135157 → 200 (189ms, 10135B)
[2026-03-27T19:35:16.421Z] GET https://swiadomakosmetologia.pl/wp-content/uploads/elementor/css/post-444.css?ver=1773249477 → 200 (189ms, 1957B)
[2026-03-27T19:35:16.421Z] GET https://swiadomakosmetologia.pl/wp-content/plugins/elementor/assets/css/widget-image.min.css?ver=3.32.4 → pending (?ms, ?B)
[2026-03-27T19:35:16.421Z] GET https://swiadomakosmetologia.pl/wp-content/uploads/elementor/css/post-11.css?ver=1773249680 → pending (?ms, ?B)
[2026-03-27T19:35:16.421Z] GET https://swiadomakosmetologia.pl/wp-content/uploads/elementor/css/post-1098.css?ver=1773249477 → pending (?ms, ?B)
[2026-03-27T19:35:16.421Z] GET https://swiadomakosmetologia.pl/wp-content/plugins/qi-addons-for-elementor/assets/css/grid.min.css?ver=1.9.5 → pending (?ms, ?B)
[2026-03-27T19:35:16.421Z] GET https://swiadomakosmetologia.pl/wp-content/plugins/qi-addons-for-elementor/assets/css/helper-parts.min.css?ver=1.9.5 → pending (?ms, ?B)
[2026-03-27T19:35:16.421Z] GET https://swiadomakosmetologia.pl/wp-content/plugins/qi-addons-for-elementor/assets/css/main.min.css?ver=1.9.5 → pending (?ms, ?B)
[2026-03-27T19:35:16.421Z] GET https://swiadomakosmetologia.pl/wp-content/plugins/qi-addons-for-elementor/assets/plugins/swiper/8.4.5/swiper.min.css?ver=8.4.5 → pending (?ms, ?B)
[2026-03-27T19:35:16.421Z] GET https://swiadomakosmetologia.pl/wp-content/plugins/qode-essential-addons/assets/css/main.min.css?ver=1.6.6 → pending (?ms, ?B)
[2026-03-27T19:35:16.421Z] GET https://swiadomakosmetologia.pl/wp-content/plugins/woocommerce/assets/css/brands.css?ver=10.2.4 → pending (?ms, ?B)
[2026-03-27T19:35:16.421Z] GET https://swiadomakosmetologia.pl/wp-content/plugins/side-cart-woocommerce/assets/css/xoo-wsc-fonts.css?ver=2.7.1 → pending (?ms, ?B)
[2026-03-27T19:35:16.421Z] GET https://swiadomakosmetologia.pl/wp-content/plugins/side-cart-woocommerce/assets/css/xoo-wsc-style.css?ver=2.7.1 → pending (?ms, ?B)
[2026-03-27T19:35:16.421Z] GET https://fonts.googleapis.com/css?family=DM+Sans%3A400%2C500%2C600%2C700%7CMontserrat%3A400%2C500%2C600%2C700&subset=latin-ext&display=swap&ver=1.0.0 → 200 (39ms, 11188B)
[2026-03-27T19:35:16.421Z] GET https://swiadomakosmetologia.pl/wp-content/themes/qi/assets/css/grid.min.css?ver=1.3 → pending (?ms, ?B)
[2026-03-27T19:35:16.421Z] GET https://swiadomakosmetologia.pl/wp-content/themes/qi/assets/css/main.min.css?ver=1.3 → 200 (36ms, 195345B)
[2026-03-27T19:35:16.421Z] GET https://swiadomakosmetologia.pl/wp-content/themes/qi/style.css?ver=1.3 → 200 (34ms, 2275B)
[2026-03-27T19:35:16.421Z] GET https://swiadomakosmetologia.pl/wp-content/plugins/woo-stripe-payment/assets/build/stripe.css?ver=3.3.93 → pending (?ms, ?B)
[2026-03-27T19:35:16.421Z] GET https://swiadomakosmetologia.pl/wp-content/plugins/elementor/assets/lib/eicons/css/elementor-icons.min.css?ver=5.34.0 → pending (?ms, ?B)
[2026-03-27T19:35:16.421Z] GET https://swiadomakosmetologia.pl/wp-content/plugins/elementor/assets/css/widget-icon-list.min.css?ver=3.24.3 → 200 (48ms, 10470B)
[2026-03-27T19:35:16.421Z] GET https://swiadomakosmetologia.pl/wp-content/plugins/elementor/assets/css/widget-social-icons.min.css?ver=3.24.0 → 200 (48ms, 5150B)
[2026-03-27T19:35:16.421Z] GET https://swiadomakosmetologia.pl/wp-content/plugins/elementor/assets/lib/font-awesome/css/brands.css?ver=5.15.3 → pending (?ms, ?B)
[2026-03-27T19:35:16.421Z] GET https://swiadomakosmetologia.pl/wp-content/plugins/elementor/assets/lib/font-awesome/css/fontawesome.css?ver=5.15.3 → pending (?ms, ?B)
[2026-03-27T19:35:16.421Z] GET https://swiadomakosmetologia.pl/wp-content/plugins/elementor/assets/lib/font-awesome/css/solid.css?ver=5.15.3 → pending (?ms, ?B)
[2026-03-27T19:35:16.421Z] GET https://fonts.googleapis.com/css?family=Montserrat:100,100italic,200,200italic,300,300italic,400,400italic,500,500italic,600,600italic,700,700italic,800,800italic,900,900italic&display=swap&subset=latin-ext → 200 (42ms, 34587B)
[2026-03-27T19:35:16.421Z] GET https://swiadomakosmetologia.pl/wp-includes/js/jquery/jquery.min.js?ver=3.7.1 → pending (?ms, ?B)
[2026-03-27T19:35:16.422Z] GET https://swiadomakosmetologia.pl/wp-includes/js/jquery/jquery-migrate.min.js?ver=3.4.1 → pending (?ms, ?B)
[2026-03-27T19:35:16.422Z] GET https://swiadomakosmetologia.pl/wp-content/plugins/yaymail/assets/scripts/notice.js?ver=4.3.0 → 200 (47ms, 1718B)
[2026-03-27T19:35:16.422Z] GET https://swiadomakosmetologia.pl/wp-content/plugins/woocommerce/assets/js/flexslider/jquery.flexslider.min.js?ver=2.7.2-wc.10.2.4 → pending (?ms, ?B)
[2026-03-27T19:35:16.422Z] GET https://swiadomakosmetologia.pl/wp-content/plugins/woocommerce/assets/js/jquery-blockui/jquery.blockUI.min.js?ver=2.7.0-wc.10.2.4 → 200 (67ms, 9636B)
[2026-03-27T19:35:16.422Z] GET https://swiadomakosmetologia.pl/wp-content/plugins/woocommerce/assets/js/frontend/add-to-cart.min.js?ver=10.2.4 → pending (?ms, ?B)
[2026-03-27T19:35:16.422Z] GET https://swiadomakosmetologia.pl/wp-content/plugins/woocommerce/assets/js/js-cookie/js.cookie.min.js?ver=2.1.4-wc.10.2.4 → pending (?ms, ?B)
[2026-03-27T19:35:16.422Z] GET https://swiadomakosmetologia.pl/wp-content/plugins/woocommerce/assets/js/select2/select2.full.min.js?ver=4.0.3-wc.10.2.4 → pending (?ms, ?B)
[2026-03-27T19:35:16.422Z] GET https://swiadomakosmetologia.pl/wp-content/plugins/woocommerce/assets/js/frontend/cart-fragments.min.js?ver=10.2.4 → pending (?ms, ?B)
[2026-03-27T19:35:16.422Z] GET https://swiadomakosmetologia.pl/wp-content/plugins/elementor/assets/css/conditionals/shapes.min.css?ver=3.32.4 → pending (?ms, ?B)
[2026-03-27T19:35:16.422Z] GET https://swiadomakosmetologia.pl/wp-content/plugins/elementor/assets/css/widget-google_maps.min.css?ver=3.32.4 → pending (?ms, ?B)
[2026-03-27T19:35:16.422Z] GET https://swiadomakosmetologia.pl/wp-content/plugins/woocommerce/assets/css/photoswipe/photoswipe.min.css?ver=10.2.4 → pending (?ms, ?B)
[2026-03-27T19:35:16.422Z] GET https://swiadomakosmetologia.pl/wp-content/plugins/woocommerce/assets/css/photoswipe/default-skin/default-skin.min.css?ver=10.2.4 → pending (?ms, ?B)
[2026-03-27T19:35:16.422Z] GET https://swiadomakosmetologia.pl/wp-content/uploads/2024/12/przezroczystelogo.png → pending (?ms, ?B)
[2026-03-27T19:35:16.422Z] GET https://swiadomakosmetologia.pl/wp-content/uploads/2025/10/thumbnail_julia_logo_black-1024x198.png → pending (?ms, ?B)
[2026-03-27T19:35:16.422Z] GET https://swiadomakosmetologia.pl/wp-content/uploads/2025/10/background-819x1024.webp → pending (?ms, ?B)
[2026-03-27T19:35:16.422Z] GET https://swiadomakosmetologia.pl/wp-includes/js/dist/hooks.min.js?ver=dd5603f07f9220ed27f1 → pending (?ms, ?B)
[2026-03-27T19:35:16.422Z] GET https://swiadomakosmetologia.pl/wp-includes/js/dist/i18n.min.js?ver=c26c3dc7bed366793375 → pending (?ms, ?B)
[2026-03-27T19:35:16.422Z] GET https://swiadomakosmetologia.pl/wp-content/plugins/contact-form-7/includes/swv/js/index.js?ver=6.1.2 → pending (?ms, ?B)
[2026-03-27T19:35:16.422Z] GET https://swiadomakosmetologia.pl/wp-content/plugins/contact-form-7/includes/js/index.js?ver=6.1.2 → pending (?ms, ?B)
[2026-03-27T19:35:16.422Z] GET https://swiadomakosmetologia.pl/wp-includes/js/dist/vendor/react.min.js?ver=18.3.1.1 → pending (?ms, ?B)
[2026-03-27T19:35:16.422Z] GET https://swiadomakosmetologia.pl/wp-includes/js/dist/vendor/react-dom.min.js?ver=18.3.1.1 → pending (?ms, ?B)
[2026-03-27T19:35:16.422Z] GET https://swiadomakosmetologia.pl/wp-includes/js/dist/escape-html.min.js?ver=6561a406d2d232a6fbd2 → pending (?ms, ?B)
[2026-03-27T19:35:16.422Z] GET https://swiadomakosmetologia.pl/wp-includes/js/dist/element.min.js?ver=6a582b0c827fa25df3dd → pending (?ms, ?B)
[2026-03-27T19:35:16.422Z] GET https://swiadomakosmetologia.pl/wp-content/plugins/tutor/assets/js/tutor.js?ver=3.8.3 → pending (?ms, ?B)
[2026-03-27T19:35:16.422Z] GET https://swiadomakosmetologia.pl/wp-includes/js/quicktags.min.js?ver=6.9.4 → pending (?ms, ?B)
[2026-03-27T19:35:16.422Z] GET https://swiadomakosmetologia.pl/wp-includes/js/jquery/ui/core.min.js?ver=1.13.3 → pending (?ms, ?B)
[2026-03-27T19:35:16.422Z] GET https://swiadomakosmetologia.pl/wp-includes/js/jquery/ui/mouse.min.js?ver=1.13.3 → pending (?ms, ?B)
[2026-03-27T19:35:16.422Z] GET https://swiadomakosmetologia.pl/wp-includes/js/jquery/ui/sortable.min.js?ver=1.13.3 → pending (?ms, ?B)
[2026-03-27T19:35:16.422Z] GET https://swiadomakosmetologia.pl/wp-includes/js/jquery/jquery.ui.touch-punch.js?ver=0.2.2 → pending (?ms, ?B)
[2026-03-27T19:35:16.422Z] GET https://swiadomakosmetologia.pl/wp-content/plugins/tutor/assets/lib/SocialShare/SocialShare.min.js?ver=3.8.3 → pending (?ms, ?B)
[2026-03-27T19:35:16.422Z] GET https://swiadomakosmetologia.pl/wp-includes/js/dist/vendor/moment.min.js?ver=2.30.1 → pending (?ms, ?B)
[2026-03-27T19:35:16.422Z] GET https://swiadomakosmetologia.pl/wp-includes/js/dist/deprecated.min.js?ver=e1f84915c5e8ae38964c → pending (?ms, ?B)
[2026-03-27T19:35:16.422Z] GET https://swiadomakosmetologia.pl/wp-includes/js/dist/date.min.js?ver=795a56839718d3ff7eae → pending (?ms, ?B)
[2026-03-27T19:35:16.422Z] GET https://swiadomakosmetologia.pl/wp-content/plugins/tutor/assets/js/tutor-front.js?ver=3.8.3 → pending (?ms, ?B)
[2026-03-27T19:35:16.423Z] GET https://swiadomakosmetologia.pl/wp-includes/js/jquery/ui/datepicker.min.js?ver=1.13.3 → pending (?ms, ?B)
[2026-03-27T19:35:16.423Z] GET https://swiadomakosmetologia.pl/wp-content/plugins/tutor-pro/assets/lib/prism/prism.min.js?ver=3.8.3 → pending (?ms, ?B)
[2026-03-27T19:35:16.423Z] GET https://swiadomakosmetologia.pl/wp-content/plugins/tutor-pro/assets/lib/prism/script.js?ver=3.8.3 → pending (?ms, ?B)
[2026-03-27T19:35:16.423Z] GET https://swiadomakosmetologia.pl/wp-content/plugins/tutor-pro/assets/js/front.js?ver=3.8.3 → pending (?ms, ?B)
[2026-03-27T19:35:16.423Z] GET https://swiadomakosmetologia.pl/wp-content/plugins/woocommerce/assets/js/frontend/woocommerce.min.js?ver=10.2.4 → pending (?ms, ?B)
[2026-03-27T19:35:16.423Z] GET https://swiadomakosmetologia.pl/wp-content/plugins/essential-addons-for-elementor-lite/assets/front-end/js/view/general.min.js?ver=6.3.3 → pending (?ms, ?B)
[2026-03-27T19:35:16.423Z] GET https://swiadomakosmetologia.pl/wp-content/uploads/essential-addons-elementor/eael-11.js?ver=1760135157 → pending (?ms, ?B)
[2026-03-27T19:35:16.423Z] GET https://swiadomakosmetologia.pl/wp-content/plugins/elementor/assets/js/webpack.runtime.min.js?ver=3.32.4 → pending (?ms, ?B)
[2026-03-27T19:35:16.423Z] GET https://swiadomakosmetologia.pl/wp-content/plugins/elementor/assets/js/frontend-modules.min.js?ver=3.32.4 → pending (?ms, ?B)
[2026-03-27T19:35:16.423Z] GET https://swiadomakosmetologia.pl/wp-content/plugins/elementor/assets/js/frontend.min.js?ver=3.32.4 → pending (?ms, ?B)
[2026-03-27T19:35:16.423Z] GET https://swiadomakosmetologia.pl/wp-content/plugins/header-footer-elementor/inc/js/frontend.js?ver=2.5.2 → pending (?ms, ?B)
[2026-03-27T19:35:16.423Z] GET https://swiadomakosmetologia.pl/wp-content/plugins/qi-addons-for-elementor/assets/plugins/swiper/8.4.5/swiper.min.js?ver=8.4.5 → pending (?ms, ?B)
[2026-03-27T19:35:16.423Z] GET https://swiadomakosmetologia.pl/wp-content/plugins/qi-addons-for-elementor/assets/js/main.min.js?ver=1.9.5 → pending (?ms, ?B)
[2026-03-27T19:35:16.423Z] GET https://swiadomakosmetologia.pl/wp-includes/js/hoverIntent.min.js?ver=1.10.2 → pending (?ms, ?B)
[2026-03-27T19:35:16.423Z] GET https://swiadomakosmetologia.pl/wp-content/plugins/qode-essential-addons/assets/plugins/modernizr/modernizr.js?ver=6.9.4 → pending (?ms, ?B)
[2026-03-27T19:35:16.423Z] GET https://swiadomakosmetologia.pl/wp-content/plugins/qi-addons-for-elementor/assets/plugins/fslightbox/fslightbox.min.js?ver=6.9.4 → pending (?ms, ?B)
[2026-03-27T19:35:16.423Z] GET https://swiadomakosmetologia.pl/wp-content/plugins/qode-essential-addons/assets/js/main.min.js?ver=1.6.6 → pending (?ms, ?B)
[2026-03-27T19:35:16.423Z] GET https://swiadomakosmetologia.pl/wp-content/plugins/shopengine/assets/js/simple-scrollbar.js?ver=4.8.4 → pending (?ms, ?B)
[2026-03-27T19:35:16.423Z] GET https://swiadomakosmetologia.pl/wp-content/plugins/shopengine/assets/js/filter.js?ver=4.8.4 → pending (?ms, ?B)
[2026-03-27T19:35:16.423Z] GET https://swiadomakosmetologia.pl/wp-content/plugins/shopengine/assets/js/public.js?ver=4.8.4 → pending (?ms, ?B)
[2026-03-27T19:35:16.423Z] GET https://swiadomakosmetologia.pl/wp-content/themes/qi/assets/js/main.min.js?ver=1.3 → pending (?ms, ?B)
[2026-03-27T19:35:16.423Z] GET https://js.stripe.com/v3/?ver=3.3.93 → pending (?ms, ?B)
[2026-03-27T19:35:16.423Z] GET https://swiadomakosmetologia.pl/wp-content/plugins/woo-stripe-payment/assets/js/frontend/form-handler.min.js?ver=3.3.93 → pending (?ms, ?B)
[2026-03-27T19:35:16.423Z] GET https://swiadomakosmetologia.pl/wp-content/plugins/woo-stripe-payment/assets/js/frontend/wc-stripe.min.js?ver=3.3.93 → pending (?ms, ?B)
[2026-03-27T19:35:16.423Z] GET https://pay.google.com/gp/p/js/pay.js?ver=3.3.93 → pending (?ms, ?B)
[2026-03-27T19:35:16.423Z] GET https://swiadomakosmetologia.pl/wp-content/plugins/woo-stripe-payment/assets/js/frontend/mini-cart.min.js?ver=3.3.93 → pending (?ms, ?B)
[2026-03-27T19:35:16.423Z] GET https://swiadomakosmetologia.pl/wp-content/plugins/woocommerce/assets/js/sourcebuster/sourcebuster.min.js?ver=10.2.4 → pending (?ms, ?B)
[2026-03-27T19:35:16.423Z] GET https://swiadomakosmetologia.pl/wp-content/plugins/woocommerce/assets/js/frontend/order-attribution.min.js?ver=10.2.4 → pending (?ms, ?B)
[2026-03-27T19:35:16.423Z] GET https://swiadomakosmetologia.pl/wp-content/plugins/side-cart-woocommerce/assets/js/xoo-wsc-main.js?ver=2.7.1 → pending (?ms, ?B)
[2026-03-27T19:35:16.423Z] GET https://swiadomakosmetologia.pl/wp-content/plugins/qi-addons-for-elementor/inc/plugins/elementor/assets/js/elementor.js?ver=6.9.4 → pending (?ms, ?B)
[2026-03-27T19:35:16.423Z] GET https://swiadomakosmetologia.pl/wp-content/plugins/qode-essential-addons/inc/plugins/elementor/assets/js/elementor.js?ver=6.9.4 → pending (?ms, ?B)
[2026-03-27T19:35:16.423Z] GET https://swiadomakosmetologia.pl/wp-content/plugins/shopengine/widgets/init/assets/js/widgets.js?ver=4.8.4 → pending (?ms, ?B)
[2026-03-27T19:35:16.423Z] GET https://swiadomakosmetologia.pl/wp-content/plugins/woocommerce/assets/js/photoswipe/photoswipe.min.js?ver=4.1.1-wc.10.2.4 → pending (?ms, ?B)
[2026-03-27T19:35:16.424Z] GET https://swiadomakosmetologia.pl/wp-content/plugins/woocommerce/assets/js/photoswipe/photoswipe-ui-default.min.js?ver=4.1.1-wc.10.2.4 → pending (?ms, ?B)
[2026-03-27T19:35:16.424Z] GET https://swiadomakosmetologia.pl/wp-includes/js/underscore.min.js?ver=1.13.7 → pending (?ms, ?B)
[2026-03-27T19:35:16.424Z] GET https://swiadomakosmetologia.pl/wp-includes/js/wp-util.min.js?ver=6.9.4 → pending (?ms, ?B)
[2026-03-27T19:35:16.424Z] GET https://swiadomakosmetologia.pl/wp-content/plugins/woocommerce/assets/js/frontend/add-to-cart-variation.min.js?ver=10.2.4 → pending (?ms, ?B)
[2026-03-27T19:35:16.424Z] GET https://swiadomakosmetologia.pl/wp-content/plugins/woocommerce/assets/js/frontend/single-product.min.js?ver=10.2.4 → pending (?ms, ?B)
[2026-03-27T19:35:16.424Z] GET https://swiadomakosmetologia.pl/wp-content/uploads/custom-css-js/1596.css?v=4903 → pending (?ms, ?B)
[2026-03-27T19:35:16.424Z] GET https://swiadomakosmetologia.pl/wp-content/uploads/custom-css-js/1470.js?v=8788 → pending (?ms, ?B)
[2026-03-27T19:35:18.759Z] GET https://swiadomakosmetologia.pl/wp-content/uploads/2025/10/background-scaled.webp → pending (?ms, ?B)
[2026-03-27T19:35:18.759Z] GET https://fonts.gstatic.com/s/montserrat/v31/JTUSjIg1_i6t8kCHKm459WlhyyTh89Y.woff2 → 200 (1ms, ?B)
[2026-03-27T19:35:18.759Z] GET https://fonts.gstatic.com/s/montserrat/v31/JTUSjIg1_i6t8kCHKm459WdhyyTh89ZNpQ.woff2 → 200 (2ms, ?B)
[2026-03-27T19:35:18.760Z] GET https://maps.google.com/maps?q=Brodowska%2018a%2C%2063-000%20%C5%9Aroda%20Wielkopolska&t=m&z=15&output=embed&iwloc=near → pending (?ms, ?B)
[2026-03-27T19:35:18.760Z] GET https://swiadomakosmetologia.pl/wp-content/uploads/2024/12/przezroczystelogo-1024x1024.png → pending (?ms, ?B)
[2026-03-27T19:35:18.786Z] GET https://swiadomakosmetologia.pl/wp-content/plugins/side-cart-woocommerce/assets/css/fonts/Woo-Side-Cart.ttf?qq7fgp → pending (?ms, ?B)
[2026-03-27T19:35:19.436Z] GET https://www.google.com/maps/embed?origin=mfe&pb=!1m4!2m1!1sBrodowska+18a,+63-000+%C5%9Aroda+Wielkopolska!5e0!6i15 → pending (?ms, ?B)
[2026-03-27T19:35:19.756Z] GET https://js.stripe.com/v3/controller-with-preconnect-877ccb07a3003cc62183dc8828afa7a5.html → 200 (29ms, ?B)
[2026-03-27T19:35:19.766Z] GET https://pay.google.com/gp/p/ui/payframe?origin=https%3A%2F%2Fswiadomakosmetologia.pl&mid= → pending (?ms, ?B)
[2026-03-27T19:35:19.781Z] GET blob:https://swiadomakosmetologia.pl/8aff3921-f23a-4c2b-9094-154b29c109ba → pending (?ms, ?B)
[2026-03-27T19:35:19.828Z] GET https://js.stripe.com/v3/fingerprinted/js/shared-ffc31de8eea69f290bfd80fb984d2092.js → 200 (60ms, 884010B)
[2026-03-27T19:35:19.828Z] GET https://js.stripe.com/v3/fingerprinted/js/controller-with-preconnect-70b766322952aee48484112406eae372.js → 200 (88ms, 1203459B)
[2026-03-27T19:35:19.828Z] POST https://swiadomakosmetologia.pl/?wc-ajax=get_refreshed_fragments → 200 (703ms, 3069B)
[2026-03-27T19:35:19.833Z] GET https://swiadomakosmetologia.pl/wp-content/plugins/elementor/assets/js/shared-frontend-handlers.4c8abccc3e268b0767b2.bundle.min.js → 200 (36ms, 8525B)
[2026-03-27T19:35:19.833Z] GET https://swiadomakosmetologia.pl/wp-content/plugins/elementor/assets/js/text-editor.abc8f59c62f2820dc25a.bundle.min.js → 200 (24ms, 1392B)
[2026-03-27T19:35:19.867Z] GET https://swiadomakosmetologia.pl/wp-includes/js/wp-emoji-release.min.js?ver=6.9.4 → 200 (68ms, 22762B)
[2026-03-27T19:35:19.955Z] GET https://s.w.org/images/core/emoji/17.0.2/svg/1f60a.svg → 200 (774ms, 1055B)
[2026-03-27T19:35:19.956Z] GET https://s.w.org/images/core/emoji/17.0.2/svg/1f601.svg → 200 (772ms, 1129B)
[2026-03-27T19:35:19.956Z] GET https://s.w.org/images/core/emoji/17.0.2/svg/1f970.svg → 200 (773ms, 2384B)
[2026-03-27T19:35:19.956Z] GET https://s.w.org/images/core/emoji/17.0.2/svg/263a.svg → 200 (772ms, 1609B)
[2026-03-27T19:35:19.956Z] GET https://s.w.org/images/core/emoji/17.0.2/svg/1f642.svg → 200 (772ms, 525B)
[2026-03-27T19:35:19.956Z] GET https://s.w.org/images/core/emoji/17.0.2/svg/1f979.svg → 200 (773ms, 1685B)
[2026-03-27T19:35:19.956Z] GET https://s.w.org/images/core/emoji/17.0.2/svg/1faf6-1f3fb.svg → 200 (799ms, 1390B)
[2026-03-27T19:35:19.956Z] GET https://s.w.org/images/core/emoji/17.0.2/svg/1f33c.svg → 200 (800ms, 1605B)
[2026-03-27T19:35:19.956Z] GET https://s.w.org/images/core/emoji/17.0.2/svg/1f90e.svg → 200 (801ms, 368B)
[2026-03-27T19:35:19.956Z] GET https://s.w.org/images/core/emoji/17.0.2/svg/2764.svg → 200 (800ms, 368B)
[2026-03-27T19:35:19.956Z] GET https://s.w.org/images/core/emoji/17.0.2/svg/1f929.svg → 200 (804ms, 1270B)
[2026-03-27T19:35:19.956Z] GET https://s.w.org/images/core/emoji/17.0.2/svg/1f60d.svg → 200 (800ms, 941B)
[2026-03-27T19:35:19.956Z] GET https://s.w.org/images/core/emoji/17.0.2/svg/1f9e1.svg → 200 (802ms, 368B)
[2026-03-27T19:35:19.956Z] GET https://s.w.org/images/core/emoji/17.0.2/svg/1f90d.svg → 200 (803ms, 368B)
[2026-03-27T19:35:19.957Z] GET https://s.w.org/images/core/emoji/17.0.2/svg/1faf6.svg → 200 (802ms, 1390B)
[2026-03-27T19:35:19.957Z] GET https://s.w.org/images/core/emoji/17.0.2/svg/1f64f.svg → 200 (802ms, 1519B)
[2026-03-27T19:35:19.957Z] GET https://s.w.org/images/core/emoji/17.0.2/svg/1f64f-1f3fb.svg → 200 (803ms, 1511B)
[2026-03-27T19:35:19.986Z] GET https://www.gstatic.com/_/mss/boq-payments-consumer/_/js/k=boq-payments-consumer.InstantbuyFrontendBuyflowPayframeUi.en_US.PF0907qN4Rs.2018.O/am=AAAAYAM/d=1/excm=_b,_tp,payframeview/ed=1/dg=0/wt=2/ujg=1/rs=AMitfrj5oAHzrXvLHeaod8h6JtJLqUsdMg/dti=1/m=_b,_tp → 200 (662ms, 152409B)
[2026-03-27T19:35:20.024Z] GET https://js.stripe.com/v3/.deploy_status_henson.json → 200 (126ms, 474B)
[2026-03-27T19:35:20.024Z] GET https://js.stripe.com/v3/fingerprinted/js/stripe-cookies-28d0c3a5a6dfa738496e3527f2037989.js → 200 (126ms, 66119B)
[2026-03-27T19:35:20.024Z] GET https://js.stripe.com/v3/.deploy_status_henson.json → 200 (126ms, 474B)
[2026-03-27T19:35:20.030Z] POST https://swiadomakosmetologia.pl/?wc-ajax=xoo_wsc_refresh_fragments → 200 (759ms, 3069B)
[2026-03-27T19:35:20.421Z] GET https://maps.gstatic.com/maps-api-v3/embed/js/64/6d/init_embed.js → pending (?ms, ?B)
[2026-03-27T19:35:20.421Z] GET https://maps.googleapis.com/maps/api/js?key=AIzaSyCmL18misQw9KdwqGaw3zHkitj8vG6QF2Y&paint_origin=&libraries=geometry,search&v=weekly&loading=async&language=en_US&callback=onApiLoad → pending (?ms, ?B)
[2026-03-27T19:35:20.662Z] GET https://www.gstatic.com/_/mss/boq-payments-consumer/_/js/k=boq-payments-consumer.InstantbuyFrontendBuyflowPayframeUi.en_US.PF0907qN4Rs.2018.O/ck=boq-payments-consumer.InstantbuyFrontendBuyflowPayframeUi.5oAaPgDqOc4.L.B1.O/am=AAAAYAM/d=1/exm=_b,_tp/excm=_b,_tp,payframeview/ed=1/wt=2/ujg=1/rs=AMitfrhF5Y2WfBSuCVoPif3WPetUVRpJbA/ee=EmZ2Bf:zr1jrb;JsbNhc:Xd8iUd;K5nYTd:ZDZcre;LBgRLc:XVMNvd;Me32dd:MEeYgc;NJ1rfe:yGfSdd;NPKaK:PVlQOd;NSEoX:lazG7b;Pjplud:EEDORb;QGR0gd:Mlhmy;SNUn3:ZwDk9d;ScI3Yc:e7Hzgb;Uvc8o:VDovNc;YIZmRd:A1yn5d;a56pNe:JEfCwb;cEt90b:ws9Tlc;dIoSBb:SpsfSb;dowIGb:ebZ3mb;eBAeSb:zbML3c;iFQyKf:vfuNJf;lOO0Vd:OTA3Ae;oGtAuc:sOXFj;qQEoOc:KUM7Z;qafBPd:yDVVkb;qddgKe:xQtZb;wR5FRb:siKnQd;yEQyxe:p8L0ob;yxTchf:KUM7Z/dti=1/m=uZmJdd → 200 (24ms, 95148B)
[2026-03-27T19:35:20.694Z] GET https://pay.google.com/gp/p/ui/pay → 200 (91ms, ?B)
[2026-03-27T19:35:20.696Z] GET https://www.gstatic.com/_/mss/boq-payments-consumer/_/js/k=boq-payments-consumer.InstantbuyFrontendBuyflowPayframeUi.en_US.PF0907qN4Rs.2018.O/ck=boq-payments-consumer.InstantbuyFrontendBuyflowPayframeUi.5oAaPgDqOc4.L.B1.O/am=AAAAYAM/d=1/exm=_b,_tp,uZmJdd/excm=_b,_tp,payframeview/ed=1/wt=2/ujg=1/rs=AMitfrhF5Y2WfBSuCVoPif3WPetUVRpJbA/ee=EmZ2Bf:zr1jrb;JsbNhc:Xd8iUd;K5nYTd:ZDZcre;LBgRLc:XVMNvd;Me32dd:MEeYgc;NJ1rfe:yGfSdd;NPKaK:PVlQOd;NSEoX:lazG7b;Pjplud:EEDORb;QGR0gd:Mlhmy;SNUn3:ZwDk9d;ScI3Yc:e7Hzgb;Uvc8o:VDovNc;YIZmRd:A1yn5d;a56pNe:JEfCwb;cEt90b:ws9Tlc;dIoSBb:SpsfSb;dowIGb:ebZ3mb;eBAeSb:zbML3c;iFQyKf:vfuNJf;lOO0Vd:OTA3Ae;oGtAuc:sOXFj;qQEoOc:KUM7Z;qafBPd:yDVVkb;qddgKe:xQtZb;wR5FRb:siKnQd;yEQyxe:p8L0ob;yxTchf:KUM7Z/dti=1/m=Wt6vjf,hhhU8,FCpbqb,WhJNk → 200 (27ms, 8578B)
[2026-03-27T19:35:20.696Z] GET https://www.gstatic.com/_/mss/boq-payments-consumer/_/js/k=boq-payments-consumer.InstantbuyFrontendBuyflowPayframeUi.en_US.PF0907qN4Rs.2018.O/ck=boq-payments-consumer.InstantbuyFrontendBuyflowPayframeUi.5oAaPgDqOc4.L.B1.O/am=AAAAYAM/d=1/exm=FCpbqb,WhJNk,Wt6vjf,_b,_tp,hhhU8,uZmJdd/excm=_b,_tp,payframeview/ed=1/wt=2/ujg=1/rs=AMitfrhF5Y2WfBSuCVoPif3WPetUVRpJbA/ee=EmZ2Bf:zr1jrb;JsbNhc:Xd8iUd;K5nYTd:ZDZcre;LBgRLc:XVMNvd;Me32dd:MEeYgc;NJ1rfe:yGfSdd;NPKaK:PVlQOd;NSEoX:lazG7b;Pjplud:EEDORb;QGR0gd:Mlhmy;SNUn3:ZwDk9d;ScI3Yc:e7Hzgb;Uvc8o:VDovNc;YIZmRd:A1yn5d;a56pNe:JEfCwb;cEt90b:ws9Tlc;dIoSBb:SpsfSb;dowIGb:ebZ3mb;eBAeSb:zbML3c;iFQyKf:vfuNJf;lOO0Vd:OTA3Ae;oGtAuc:sOXFj;qQEoOc:KUM7Z;qafBPd:yDVVkb;qddgKe:xQtZb;wR5FRb:siKnQd;yEQyxe:p8L0ob;yxTchf:KUM7Z/dti=1/m=byfTOb,lsjVmc,LEikZe,lwddkf,EFQ78c → 200 (27ms, 37737B)
[2026-03-27T19:35:20.698Z] POST https://play.google.com/log?format=json&hasfast=true&authuser=0 → pending (?ms, ?B)
[2026-03-27T19:35:20.699Z] POST https://play.google.com/log?format=json&hasfast=true&authuser=0 → pending (?ms, ?B)
[2026-03-27T19:35:20.702Z] POST https://play.google.com/log?format=json&hasfast=true&authuser=0 → pending (?ms, ?B)
[2026-03-27T19:35:20.702Z] POST https://play.google.com/log?format=json&hasfast=true&authuser=0 → pending (?ms, ?B)
[2026-03-27T19:35:20.702Z] POST https://play.google.com/log?format=json&hasfast=true&authuser=0 → pending (?ms, ?B)
[2026-03-27T19:35:20.725Z] GET https://www.gstatic.com/_/mss/boq-payments-consumer/_/js/k=boq-payments-consumer.InstantbuyFrontendBuyflowPayframeUi.en_US.PF0907qN4Rs.2018.O/ck=boq-payments-consumer.InstantbuyFrontendBuyflowPayframeUi.5oAaPgDqOc4.L.B1.O/am=AAAAYAM/d=1/exm=EFQ78c,FCpbqb,LEikZe,WhJNk,Wt6vjf,_b,_tp,byfTOb,hhhU8,lsjVmc,lwddkf,uZmJdd/excm=_b,_tp,payframeview/ed=1/wt=2/ujg=1/rs=AMitfrhF5Y2WfBSuCVoPif3WPetUVRpJbA/ee=EmZ2Bf:zr1jrb;JsbNhc:Xd8iUd;K5nYTd:ZDZcre;LBgRLc:XVMNvd;Me32dd:MEeYgc;NJ1rfe:yGfSdd;NPKaK:PVlQOd;NSEoX:lazG7b;Pjplud:EEDORb;QGR0gd:Mlhmy;SNUn3:ZwDk9d;ScI3Yc:e7Hzgb;Uvc8o:VDovNc;YIZmRd:A1yn5d;a56pNe:JEfCwb;cEt90b:ws9Tlc;dIoSBb:SpsfSb;dowIGb:ebZ3mb;eBAeSb:zbML3c;iFQyKf:vfuNJf;lOO0Vd:OTA3Ae;oGtAuc:sOXFj;qQEoOc:KUM7Z;qafBPd:yDVVkb;qddgKe:xQtZb;wR5FRb:siKnQd;yEQyxe:p8L0ob;yxTchf:KUM7Z/dti=1/m=p3hmRc,LvGhrf,RqjULd → 200 (18ms, 21937B)
[2026-03-27T19:35:21.070Z] GET https://maps.googleapis.com/maps-api-v3/api/js/64/6d/search.js → 200 (22ms, 2643B)
[2026-03-27T19:35:21.071Z] GET https://maps.googleapis.com/maps-api-v3/api/js/64/6d/geometry.js → 200 (29ms, 7040B)
[2026-03-27T19:35:21.071Z] GET https://maps.googleapis.com/maps-api-v3/api/js/64/6d/main.js → 200 (61ms, 299495B)
[2026-03-27T19:35:21.072Z] POST https://r.stripe.com/b → pending (?ms, ?B)
[2026-03-27T19:35:21.073Z] POST https://r.stripe.com/b → pending (?ms, ?B)
[2026-03-27T19:35:21.153Z] GET https://maps.googleapis.com/maps/api/mapsjs/gen_204?csp_test=true → 200 (53ms, 3B)
[2026-03-27T19:35:21.247Z] GET https://maps.googleapis.com/maps-api-v3/api/js/64/6d/common.js → 200 (37ms, 126936B)
[2026-03-27T19:35:21.247Z] GET https://maps.googleapis.com/maps-api-v3/api/js/64/6d/util.js → 200 (49ms, 310651B)
[2026-03-27T19:35:21.247Z] GET https://maps.googleapis.com/maps-api-v3/api/js/64/6d/map.js → 200 (44ms, 81658B)
[2026-03-27T19:35:21.247Z] GET https://maps.googleapis.com/maps-api-v3/api/js/64/6d/places.js → 200 (55ms, 350913B)
[2026-03-27T19:35:21.252Z] GET https://js.stripe.com/v3/m-outer-3437aaddcdf6922d623e172c2d6f9278.html → 200 (25ms, 200B)
[2026-03-27T19:35:21.254Z] GET https://maps.googleapis.com/maps/api/js/StaticMapService.GetMapImage?1m2&1i4596902&2i2762261&2e1&3u15&4m2&1u390&2u300&5m6&1e0&5sen-US&6sus&10b1&12b1&14i47083502&8e1&key=AIzaSyCmL18misQw9KdwqGaw3zHkitj8vG6QF2Y&token=63175 → 200 (98ms, 23244B)
[2026-03-27T19:35:21.255Z] GET https://maps.googleapis.com/maps-api-v3/api/js/64/6d/onion.js → 200 (37ms, 31035B)
[2026-03-27T19:35:21.255Z] GET https://maps.googleapis.com/maps-api-v3/api/js/64/6d/search_impl.js → 200 (37ms, 3586B)
[2026-03-27T19:35:21.281Z] GET https://js.stripe.com/v3/fingerprinted/js/m-outer-15a2b40a058ddff1cffdb63779fe3de1.js → 200 (24ms, 526B)
[2026-03-27T19:35:21.308Z] GET https://m.stripe.network/inner.html → pending (?ms, ?B)
[2026-03-27T19:35:21.960Z] GET https://m.stripe.network/out-4.5.45.js → 200 (22ms, 88737B)
[2026-03-27T19:35:22.046Z] POST https://m.stripe.com/6 → pending (?ms, ?B)
[2026-03-27T19:35:22.138Z] GET https://www.instagram.com/sanshe.warszawa/ → pending (?ms, ?B)
[2026-03-27T19:35:22.138Z] POST https://r.stripe.com/b → pending (?ms, ?B)
[2026-03-27T19:35:23.106Z] GET https://static.cdninstagram.com/rsrc.php/v5/yF/l/0,cross/EDkPBKir5YBbgrNkRAHfEEWAcQkLAlwy9PvJg89IT9Ose7mo_RjZ6ADU27qY87dge1fgQe914iiBfONMKn3YhINqddoA3wRPOftU49pVNahkCklH6Fq_SNKbXQvuWABIjhhRs97xFZK--hBruhBENOpKm_.css → pending (?ms, ?B)
[2026-03-27T19:35:23.106Z] GET https://static.cdninstagram.com/rsrc.php/v4/yE/r/qJqOGJY44U1.js → pending (?ms, ?B)
[2026-03-27T19:35:23.106Z] GET https://static.cdninstagram.com/rsrc.php/v4i-gB4/ym/l/en_US/ODo7u_QNKlxvzf8Tl8TZjjVU34HVAIl7EPdG8lDs4N3RLEUVMwsU7GR.js → pending (?ms, ?B)
[2026-03-27T19:35:23.107Z] GET https://static.cdninstagram.com/rsrc.php/v4i5D14/yO/l/en_US/zqnCi_UN4qqp2mNn8aW2MG8539RuDMuFpdl7x1uc3dZas2dGsZeAXMFslccMOzlSbjg5ECdLNdOxBLz44wRBEBF1gv4EsmsxECgXyx_TXFH8J4BAbEnw22EJ0jMRot6Ia486CQfy9MzCDHfJb3eWx67l1-DIMTrS6KERDEJLwF6MNNCCWOZu60E21mXAsVBXyK3DMFzz7eu9sWHtRfEXKxzJbolxSpLKUUfhg5SnKT27nlziOWHbiaRPfot3jUrfqRjxhLADfTUkkc_iZL60hQGQwgVx5LYq6Fd6gEz_l9husVdZfMaPHb8YlVx9aBP5-FKpqarbSb.js → pending (?ms, ?B)
[2026-03-27T19:35:23.107Z] GET https://static.cdninstagram.com/rsrc.php/v4i-S64/yJ/l/en_US/36h1Gf0BiL193bul8IAmeqT1VDqENHq911lddZtQYAV21eDd43BARaPCntpYhBGkdXF04cOF53Y5bugcur7EWCO3uXX-_F5D4OzNErMwMy3sKw_DQo6mNz8dfjIH7eB0Um0mg0JOHOiNhzWsk1Lq8MCfYmsLc3iCrY8h6RQPlrZamfnIQZ3vruPZkbb4gs6Jw_T0cRxA7R3lyFuVBX2ByhoZ87u4lO32-J6gITv1obtMf-iSUgA5y2y5Dp9ZvWlNaaV890czUhPTd675hdXEFPR5q90yn9qalXsXVwn4TgpkP1C_M5VXHk0yLy58oNQnKjkSxn79R7.js → pending (?ms, ?B)
[2026-03-27T19:35:23.108Z] GET https://static.cdninstagram.com/rsrc.php/v4iVgX4/ym/l/en_US/zW8qjU3zTsP4agBlUwQiC_XAqzp11_JpCL2jeZOAqZJsBHPIbLnA3tycnZZ60BqN1DdhR4ZizAxLBRmpmJ09FziChw3SjulfYoehErf6kKoX62mc0uP3k-XPlZIN72SS5MnT7jziD0U81M_aUt3Oafu5zOLAAXUtRnPF5QG-XWrsCJBw-xXJeGn6eiWozoFpj-99G3-Qx8lcabVTDJZCcc2ZP1Mqim_u89BurP88wypiAW_bfkonn-JtdZ7PJTMMsiJC02ezZTFDSp4bWABAdmh5DEndjkKeHWrECl3_n2Jc9FVqcd25eXa9RMrTLNl2S-KrBJoNka.js → pending (?ms, ?B)
[2026-03-27T19:35:23.108Z] GET https://static.cdninstagram.com/rsrc.php/v4iGDZ4/y-/l/en_US/AhuB2K204O9OVLE6s-6C-m3kI_gfN-PSNv_kkAv_-wGQBdCoY_9Rb-ZWVcyAViJW_y0BBNmEsOYknrw0H-RxigsPELF5Q86YaGW6959gY0lbrIkV-J6yZlx8QOjUoe5rx9_XIUgJj3OoFw5ZnSQeWDNuZnmwk3Ov8UHKZs9TVZA8QW6t71wDvpLc_BpQKPwfW0wN-qQb83qYvE8x59ATUMlCJLhCqe2Hds8lSGKvvW0sTZUFSy4PPIUL8NIVbSr6NiJBVaElqsxsLNVIJAbClGP4w-RoyT11dt0Q43nJ2Q0f151LplUdDtBsEzR6bek6lc3_SBiDE6.js → pending (?ms, ?B)
[2026-03-27T19:35:23.108Z] GET https://static.cdninstagram.com/rsrc.php/v4iSJY4/yh/l/en_US/t1LbHz1AL9H.js → pending (?ms, ?B)
[2026-03-27T19:35:23.108Z] GET https://static.cdninstagram.com/rsrc.php/v4/yq/r/2XtxGNFiquq.js → pending (?ms, ?B)
[2026-03-27T19:35:23.108Z] GET https://static.cdninstagram.com/rsrc.php/v4/yi/r/1nTtKyGCm2X.js → pending (?ms, ?B)
[2026-03-27T19:35:23.108Z] GET https://static.cdninstagram.com/rsrc.php/v4/yw/r/b-X15rP7Oshmese8PpaA6Y.js → pending (?ms, ?B)
[2026-03-27T19:35:23.108Z] POST https://www.instagram.com/ajax/qm/?__a=1&__user=0&__comet_req=7&jazoest=22317 → 200 (190ms, 94B)
[2026-03-27T19:35:23.274Z] GET https://static.cdninstagram.com/rsrc.php/v5/yA/l/0,cross/P_NAqbozHHD.css → pending (?ms, ?B)
[2026-03-27T19:35:24.170Z] POST https://www.instagram.com/graphql/query → 200 (192ms, 3578B)
[2026-03-27T19:35:24.170Z] POST https://www.instagram.com/ajax/bz?__a=1&__ccg=GOOD&__comet_req=7&__crn=comet.igweb.PolarisProfileRoute&__d=www&__hs=20539.HYP%3Ainstagram_web_pkg.2.1...0&__hsi=7622021287836443144&__req=2&__rev=1036121303&__s=%3A%3Apuis79&__spin_b=trunk&__spin_r=1036121303&__spin_t=1774640122&__user=0&dpr=2&jazoest=22317&lsd=AdSJyXxEWdGBAcFFoHtNSPTLqh4&ph=C3 → 200 (154ms, 94B)
[2026-03-27T19:35:24.193Z] GET https://www.instagram.com/api/v1/users/web_profile_info/?username=sanshe.warszawa → pending (?ms, ?B)
[2026-03-27T19:35:24.199Z] GET https://www.facebook.com/ig_xsite_user_info/ → pending (?ms, ?B)
[2026-03-27T19:35:24.208Z] GET https://static.cdninstagram.com/rsrc.php/v4iCvD4/yY/l/en_US/NOncB2SlDoNod3B5IaO83TkxZfDn6P5zBsVHb4KP0igoeW3qp73QyH-PIViAroDb-vIW9CFcZlGP5I-3sKRZ0CyS7wvUoLjVRrDrrCxjEFdRGjoJedFJzQPDE0HOuJU6Ig3Xhr2oWEbKDST6FYa9VsjdTiDJil74cjCNmzMur9QKaFBwCISZegsOS9xJEpVzPVcaIcSc-w2p11sRr41Vk-2zIB3TvOJMPlilaKKoy1sB6dYdCAKYwoITQY-uq.js → 200 (97ms, 1587485B)
[2026-03-27T19:35:24.208Z] GET https://static.cdninstagram.com/rsrc.php/v4iNTQ4/yn/l/en_US/ojkZAsX1Yqs.js → 200 (115ms, 349101B)
[2026-03-27T19:35:24.208Z] GET https://static.cdninstagram.com/rsrc.php/v4iQmA4/yj/l/en_US/b_YVei8jtwT.js → 200 (115ms, 381940B)
[2026-03-27T19:35:24.208Z] GET https://static.cdninstagram.com/rsrc.php/v4idBq4/ye/l/en_US/rwXNf31RJQG.js → 200 (115ms, 296586B)
[2026-03-27T19:35:24.208Z] GET https://static.cdninstagram.com/rsrc.php/v4/y9/r/jCCnhVn0Fy9.js → 200 (124ms, 674073B)
[2026-03-27T19:35:24.208Z] GET https://static.cdninstagram.com/rsrc.php/v4/yZ/r/4m15yM2AHl_.js → 200 (123ms, 267400B)
[2026-03-27T19:35:24.208Z] GET https://static.cdninstagram.com/rsrc.php/v4/yK/r/gpykIWuZed7.js → 200 (134ms, 369548B)
[2026-03-27T19:35:24.209Z] POST https://www.instagram.com/ajax/bulk-route-definitions/ → 200 (216ms, 11900B)
[2026-03-27T19:35:24.342Z] POST https://www.instagram.com/ajax/bz?__a=1&__ccg=GOOD&__comet_req=7&__crn=comet.igweb.PolarisProfileRoute&__d=www&__hs=20539.HYP%3Ainstagram_web_pkg.2.1...0&__hsi=7622021287836443144&__req=4&__rev=1036121303&__s=%3A%3Apuis79&__spin_b=trunk&__spin_r=1036121303&__spin_t=1774640122&__user=0&dpr=2&jazoest=22317&lsd=AdSJyXxEWdGBAcFFoHtNSPTLqh4&ph=C3 → 200 (148ms, 94B)
[2026-03-27T19:35:25.171Z] POST https://www.instagram.com/ajax/bz?__a=1&__ccg=GOOD&__comet_req=7&__crn=comet.igweb.PolarisProfileRoute&__d=www&__hs=20539.HYP%3Ainstagram_web_pkg.2.1...0&__hsi=7622021287836443144&__req=5&__rev=1036121303&__s=%3A%3Apuis79&__spin_b=trunk&__spin_r=1036121303&__spin_t=1774640122&__user=0&dpr=2&jazoest=22317&lsd=AdSJyXxEWdGBAcFFoHtNSPTLqh4&ph=C3 → 200 (159ms, 94B)
[2026-03-27T19:35:25.225Z] GET https://www.instagram.com/graphql/query/?query_id=9957820854288654&user_id=311244130&include_chaining=false&include_reel=true&include_suggested_users=false&include_logged_out_extras=true&include_live_status=false&include_highlight_reels=true → 200 (474ms, 17885B)
[2026-03-27T19:35:25.703Z] GET https://www.instagram.com/api/v1/web/get_ruling_for_content/?content_type=PROFILE&target_id=311244130 → pending (?ms, ?B)
[2026-03-27T19:35:25.899Z] POST https://www.instagram.com/api/graphql → 200 (348ms, 149B)
[2026-03-27T19:35:25.910Z] POST https://www.instagram.com/api/graphql → 200 (336ms, 125B)
[2026-03-27T19:35:25.911Z] POST https://www.instagram.com/api/graphql → 200 (331ms, 125B)
[2026-03-27T19:35:25.940Z] GET https://instagram.frix7-1.fna.fbcdn.net/v/t51.2885-19/475752138_596175599853598_3661911454886455755_n.jpg?stp=dst-jpg_s320x320_tt6&efg=eyJ2ZW5jb2RlX3RhZyI6InByb2ZpbGVfcGljLmRqYW5nby43MDUuYzIifQ&_nc_ht=instagram.frix7-1.fna.fbcdn.net&_nc_cat=110&_nc_oc=Q6cZ2gHnZxt15pZB44uz6W0nlmnyvfr2lJhkCbsAsFI553RnQertcggCiGA_Y6hMDn1ouaE&_nc_ohc=Eg0qSjwmPOEQ7kNvwHOTKPg&_nc_gid=9RfVsm_aLddYHOBlkOIxxg&edm=AOQ1c0wBAAAA&ccb=7-5&oh=00_Afy-KbTrdaTGHB8hCBNTSKSBzFAJ06YxDzAbGJD0brXLdA&oe=69CCC30D&_nc_sid=8b3546 → 200 (759ms, 3595B)
[2026-03-27T19:35:25.951Z] GET https://instagram.frix7-1.fna.fbcdn.net/v/t51.82787-15/651276933_18563161381012131_7626763562324049290_n.jpg?stp=c0.458.1179.1179a_dst-jpg_e15_s150x150_tt6&_nc_ht=instagram.frix7-1.fna.fbcdn.net&_nc_cat=103&_nc_oc=Q6cZ2gE8CYPkkcn-0zkK6ChuA1Vc_RmcNdqp_9MHXbOGOkwc_8WA-UtqS_g2r1hkHO1lqbA&_nc_ohc=SG0PbLFQEUUQ7kNvwEwEDU6&_nc_gid=FGR-pr6H4umDzcI30yNnRg&edm=AGW0Xe4BAAAA&ccb=7-5&oh=00_AfwP-7FT8uWw5TcBBvijG1hw2oTzXowSmO0KIcUcEV3duw&oe=69CCBFA2&_nc_sid=94fea1 → 200 (769ms, 4888B)
[2026-03-27T19:35:25.951Z] GET https://instagram.frix7-1.fna.fbcdn.net/v/t51.71878-15/635547750_928388123215572_955788235668369598_n.jpg?stp=dst-jpg_s150x150_tt6&_nc_ht=instagram.frix7-1.fna.fbcdn.net&_nc_cat=100&_nc_oc=Q6cZ2gE8CYPkkcn-0zkK6ChuA1Vc_RmcNdqp_9MHXbOGOkwc_8WA-UtqS_g2r1hkHO1lqbA&_nc_ohc=id_qXgpxGEoQ7kNvwH_z4M-&_nc_gid=FGR-pr6H4umDzcI30yNnRg&edm=AGW0Xe4BAAAA&ccb=7-5&oh=00_AfyxdkAcuFpmQWXATYkVFQ_zwoa_RKe3kK6MLPrz6UUAww&oe=69CCAF68&_nc_sid=94fea1 → 200 (757ms, 5586B)
[2026-03-27T19:35:25.951Z] GET https://instagram.frix7-1.fna.fbcdn.net/v/t51.71878-15/638264236_1246152254140483_5358815427034476143_n.jpg?stp=dst-jpg_s150x150_tt6&_nc_ht=instagram.frix7-1.fna.fbcdn.net&_nc_cat=107&_nc_oc=Q6cZ2gE8CYPkkcn-0zkK6ChuA1Vc_RmcNdqp_9MHXbOGOkwc_8WA-UtqS_g2r1hkHO1lqbA&_nc_ohc=sIoD5Ho_kI8Q7kNvwFocRSy&_nc_gid=FGR-pr6H4umDzcI30yNnRg&edm=AGW0Xe4BAAAA&ccb=7-5&oh=00_Afy8w7sEvs9b_QGSV2MFw3LYvL3OPVHBkBGssNYRa9rSbQ&oe=69CCA992&_nc_sid=94fea1 → 200 (774ms, 4542B)
[2026-03-27T19:35:25.952Z] GET https://instagram.frix7-1.fna.fbcdn.net/v/t51.71878-15/614885338_1216459843777772_3754009224166399540_n.jpg?stp=dst-jpg_s150x150_tt6&_nc_ht=instagram.frix7-1.fna.fbcdn.net&_nc_cat=108&_nc_oc=Q6cZ2gE8CYPkkcn-0zkK6ChuA1Vc_RmcNdqp_9MHXbOGOkwc_8WA-UtqS_g2r1hkHO1lqbA&_nc_ohc=8VbPWfGCXhwQ7kNvwExiQPM&_nc_gid=FGR-pr6H4umDzcI30yNnRg&edm=AGW0Xe4BAAAA&ccb=7-5&oh=00_Afz2EQZm3Qo5NzJ5tJBhyb6_Br-Njy0b-qAo_hzwkB6_wQ&oe=69CCAABF&_nc_sid=94fea1 → 200 (755ms, 3986B)
[2026-03-27T19:35:25.952Z] GET https://instagram.frix7-1.fna.fbcdn.net/v/t51.71878-15/638840341_1264400885789435_2444541672389856823_n.jpg?stp=dst-jpg_s150x150_tt6&_nc_ht=instagram.frix7-1.fna.fbcdn.net&_nc_cat=111&_nc_oc=Q6cZ2gE8CYPkkcn-0zkK6ChuA1Vc_RmcNdqp_9MHXbOGOkwc_8WA-UtqS_g2r1hkHO1lqbA&_nc_ohc=Kxbu_yTAa8UQ7kNvwHEKUM2&_nc_gid=FGR-pr6H4umDzcI30yNnRg&edm=AGW0Xe4BAAAA&ccb=7-5&oh=00_AfxAZGtBA0N2nR2gaslrVKYPED_tg2u3ElT4sC-DKCZa6A&oe=69CCB7E2&_nc_sid=94fea1 → 200 (755ms, 3516B)
[2026-03-27T19:35:25.952Z] GET https://instagram.frix7-1.fna.fbcdn.net/v/t51.71878-15/645842547_26669078556032872_1197275612686810192_n.jpg?stp=dst-jpg_s150x150_tt6&_nc_ht=instagram.frix7-1.fna.fbcdn.net&_nc_cat=104&_nc_oc=Q6cZ2gE8CYPkkcn-0zkK6ChuA1Vc_RmcNdqp_9MHXbOGOkwc_8WA-UtqS_g2r1hkHO1lqbA&_nc_ohc=bXW60XD4qgQQ7kNvwG651kn&_nc_gid=FGR-pr6H4umDzcI30yNnRg&edm=AGW0Xe4BAAAA&ccb=7-5&oh=00_AfxE24oS8zJYNs_JXKw6j77NTjUIT527rqBw0lcR1IYPJQ&oe=69CCAFD3&_nc_sid=94fea1 → 200 (774ms, 3989B)
[2026-03-27T19:35:25.952Z] GET https://instagram.frix7-1.fna.fbcdn.net/v/t51.71878-15/622721105_3777776459191926_3652818343029356894_n.jpg?stp=dst-jpg_s150x150_tt6&_nc_ht=instagram.frix7-1.fna.fbcdn.net&_nc_cat=106&_nc_oc=Q6cZ2gE8CYPkkcn-0zkK6ChuA1Vc_RmcNdqp_9MHXbOGOkwc_8WA-UtqS_g2r1hkHO1lqbA&_nc_ohc=ODgWoSd1GRQQ7kNvwEU0HuP&_nc_gid=FGR-pr6H4umDzcI30yNnRg&edm=AGW0Xe4BAAAA&ccb=7-5&oh=00_Afzaevl8xj1J4-xTPUvruNiE_4qX7lLTUZy07-HCz2Ft3A&oe=69CCB602&_nc_sid=94fea1 → 200 (785ms, 4198B)
[2026-03-27T19:35:25.961Z] POST https://www.instagram.com/api/graphql → 200 (190ms, 273B)
[2026-03-27T19:35:25.961Z] GET https://instagram.frix7-1.fna.fbcdn.net/v/t51.71878-15/639596234_910734614704275_1030344027434995949_n.jpg?stp=dst-jpg_s150x150_tt6&_nc_ht=instagram.frix7-1.fna.fbcdn.net&_nc_cat=103&_nc_oc=Q6cZ2gE8CYPkkcn-0zkK6ChuA1Vc_RmcNdqp_9MHXbOGOkwc_8WA-UtqS_g2r1hkHO1lqbA&_nc_ohc=SwRlzK4J3RwQ7kNvwFzb2oU&_nc_gid=FGR-pr6H4umDzcI30yNnRg&edm=AGW0Xe4BAAAA&ccb=7-5&oh=00_AfxlloVRNQjWcwE-xHVYooX3mm2O_Sg4K7kZFrqVN9pLuQ&oe=69CCA762&_nc_sid=94fea1 → 200 (770ms, 4105B)
[2026-03-27T19:35:25.961Z] GET https://instagram.frix7-1.fna.fbcdn.net/v/t51.2885-15/457874294_3882516838649184_8933187269563942389_n.jpg?stp=dst-jpg_s150x150_tt6&_nc_ht=instagram.frix7-1.fna.fbcdn.net&_nc_cat=100&_nc_oc=Q6cZ2gE8CYPkkcn-0zkK6ChuA1Vc_RmcNdqp_9MHXbOGOkwc_8WA-UtqS_g2r1hkHO1lqbA&_nc_ohc=KWbCs6HRUsMQ7kNvwGkk8uG&_nc_gid=FGR-pr6H4umDzcI30yNnRg&edm=AGW0Xe4BAAAA&ccb=7-5&oh=00_Afw_VmoMP__WedjJztTdk642kBEks1VCWmKb_fyl7RmTAg&oe=69CCA563&_nc_sid=94fea1 → 200 (770ms, 6639B)
[2026-03-27T19:35:25.972Z] GET https://instagram.frix7-1.fna.fbcdn.net/v/t51.82787-15/657630362_18567651298012131_6383576723804908881_n.jpg?stp=dst-jpg_e35_p640x640_sh0.08_tt6&_nc_ht=instagram.frix7-1.fna.fbcdn.net&_nc_cat=103&_nc_oc=Q6cZ2gHnZxt15pZB44uz6W0nlmnyvfr2lJhkCbsAsFI553RnQertcggCiGA_Y6hMDn1ouaE&_nc_ohc=9IfHqV4mSkkQ7kNvwFLQ2Np&_nc_gid=9RfVsm_aLddYHOBlkOIxxg&edm=AOQ1c0wBAAAA&ccb=7-5&oh=00_AfyjVL4FQVtmjfaWx6sOxuwmK2Q9w-a_-m9DITULnKd1tw&oe=69CC9669&_nc_sid=8b3546 → pending (?ms, ?B)
[2026-03-27T19:35:25.972Z] GET https://instagram.frix7-1.fna.fbcdn.net/v/t51.82787-15/656714426_18566066887012131_2751107639401319776_n.jpg?stp=dst-jpg_e35_p640x640_sh0.08_tt6&_nc_ht=instagram.frix7-1.fna.fbcdn.net&_nc_cat=103&_nc_oc=Q6cZ2gHnZxt15pZB44uz6W0nlmnyvfr2lJhkCbsAsFI553RnQertcggCiGA_Y6hMDn1ouaE&_nc_ohc=7fD9vQB9ZlkQ7kNvwHhFB8Q&_nc_gid=9RfVsm_aLddYHOBlkOIxxg&edm=AOQ1c0wBAAAA&ccb=7-5&oh=00_Afx_cpl_73-oS3Yg3ExBnjqrN1thw9EKGlli3jQa7OL9qw&oe=69CC9876&_nc_sid=8b3546 → 200 (816ms, ?B)
[2026-03-27T19:35:25.972Z] GET https://instagram.frix7-1.fna.fbcdn.net/v/t51.82787-15/651944228_18564382774012131_1955100281770181628_n.jpg?stp=dst-jpg_e35_p640x640_sh0.08_tt6&_nc_ht=instagram.frix7-1.fna.fbcdn.net&_nc_cat=103&_nc_oc=Q6cZ2gHnZxt15pZB44uz6W0nlmnyvfr2lJhkCbsAsFI553RnQertcggCiGA_Y6hMDn1ouaE&_nc_ohc=RzZAFd7zvT0Q7kNvwH4UtMK&_nc_gid=9RfVsm_aLddYHOBlkOIxxg&edm=AOQ1c0wBAAAA&ccb=7-5&oh=00_AfympglXOLqiLXcb-XBfexxD4cRWn_n8NaelAG-R-rYS3w&oe=69CCC3E3&_nc_sid=8b3546 → pending (?ms, ?B)
[2026-03-27T19:35:25.972Z] GET https://instagram.frix7-1.fna.fbcdn.net/v/t51.82787-15/651457400_18563620876012131_6171746125618362494_n.jpg?stp=dst-jpg_e35_p640x640_sh0.08_tt6&_nc_ht=instagram.frix7-1.fna.fbcdn.net&_nc_cat=103&_nc_oc=Q6cZ2gHnZxt15pZB44uz6W0nlmnyvfr2lJhkCbsAsFI553RnQertcggCiGA_Y6hMDn1ouaE&_nc_ohc=x2bge1rRZqcQ7kNvwFtz8cX&_nc_gid=9RfVsm_aLddYHOBlkOIxxg&edm=AOQ1c0wBAAAA&ccb=7-5&oh=00_AfwowKR-uB-1REMrP0CFV3-IiubfaXQ6Abd5AR-d2Ih3og&oe=69CC9DF5&_nc_sid=8b3546 → pending (?ms, ?B)
[2026-03-27T19:35:25.972Z] GET https://instagram.frix7-1.fna.fbcdn.net/v/t51.82787-15/649992701_18562835278012131_532308681118426244_n.jpg?stp=dst-jpg_e35_p640x640_sh0.08_tt6&_nc_ht=instagram.frix7-1.fna.fbcdn.net&_nc_cat=103&_nc_oc=Q6cZ2gHnZxt15pZB44uz6W0nlmnyvfr2lJhkCbsAsFI553RnQertcggCiGA_Y6hMDn1ouaE&_nc_ohc=tfXwGhj1JvoQ7kNvwG_Ii0z&_nc_gid=9RfVsm_aLddYHOBlkOIxxg&edm=AOQ1c0wBAAAA&ccb=7-5&oh=00_AfxlMrMotMZAmJDP4nGqKd0VVmjGd_q0T8j7gvcI06M18w&oe=69CC98C4&_nc_sid=8b3546 → pending (?ms, ?B)
[2026-03-27T19:35:25.972Z] GET https://instagram.frix7-1.fna.fbcdn.net/v/t51.82787-15/649235673_18562396900012131_5834921338291593383_n.jpg?stp=dst-jpg_e35_p640x640_sh0.08_tt6&_nc_ht=instagram.frix7-1.fna.fbcdn.net&_nc_cat=103&_nc_oc=Q6cZ2gHnZxt15pZB44uz6W0nlmnyvfr2lJhkCbsAsFI553RnQertcggCiGA_Y6hMDn1ouaE&_nc_ohc=emAfMTOc_mwQ7kNvwHV45yU&_nc_gid=9RfVsm_aLddYHOBlkOIxxg&edm=AOQ1c0wBAAAA&ccb=7-5&oh=00_AfxbLVUUcCHrVfRnxRv-7H9r_6gF21Nixg0SHofo-feRzA&oe=69CC97E8&_nc_sid=8b3546 → pending (?ms, ?B)
[2026-03-27T19:35:25.972Z] GET https://instagram.frix7-1.fna.fbcdn.net/v/t51.82787-15/645897464_18561092056012131_197492425688994029_n.jpg?stp=dst-jpg_e35_p640x640_sh0.08_tt6&_nc_ht=instagram.frix7-1.fna.fbcdn.net&_nc_cat=103&_nc_oc=Q6cZ2gHnZxt15pZB44uz6W0nlmnyvfr2lJhkCbsAsFI553RnQertcggCiGA_Y6hMDn1ouaE&_nc_ohc=KANOH_I0gTAQ7kNvwEj09ms&_nc_gid=9RfVsm_aLddYHOBlkOIxxg&edm=AOQ1c0wBAAAA&ccb=7-5&oh=00_AfwpHC9HYb6x6CfeS96zhfD0IwephsSliYr42Ie8CPSXmg&oe=69CC9CC4&_nc_sid=8b3546 → pending (?ms, ?B)
[2026-03-27T19:35:25.972Z] GET https://instagram.frix7-1.fna.fbcdn.net/v/t51.82787-15/643547435_18560711245012131_8860037792822170589_n.jpg?stp=dst-jpg_e35_p640x640_sh0.08_tt6&_nc_ht=instagram.frix7-1.fna.fbcdn.net&_nc_cat=103&_nc_oc=Q6cZ2gHnZxt15pZB44uz6W0nlmnyvfr2lJhkCbsAsFI553RnQertcggCiGA_Y6hMDn1ouaE&_nc_ohc=zT5eplLT9VEQ7kNvwHwcMtR&_nc_gid=9RfVsm_aLddYHOBlkOIxxg&edm=AOQ1c0wBAAAA&ccb=7-5&oh=00_AfyvYNBBcLSiPFoM7cNsJ9FKF73m0A1mqaWTjfiE_d2d3w&oe=69CC9DD4&_nc_sid=8b3546 → pending (?ms, ?B)
[2026-03-27T19:35:25.972Z] GET https://instagram.frix7-1.fna.fbcdn.net/v/t51.82787-15/641428311_18560154787012131_4424237917069478292_n.jpg?stp=dst-jpg_e35_p640x640_sh0.08_tt6&_nc_ht=instagram.frix7-1.fna.fbcdn.net&_nc_cat=103&_nc_oc=Q6cZ2gHnZxt15pZB44uz6W0nlmnyvfr2lJhkCbsAsFI553RnQertcggCiGA_Y6hMDn1ouaE&_nc_ohc=0jirYqroi-YQ7kNvwHQampi&_nc_gid=9RfVsm_aLddYHOBlkOIxxg&edm=AOQ1c0wBAAAA&ccb=7-5&oh=00_Afw1PuQn5Hw6WAeZKZsAO6gq2-8iMCuUxxAxSjqRDl1_Wg&oe=69CCA796&_nc_sid=8b3546 → pending (?ms, ?B)
[2026-03-27T19:35:25.972Z] GET https://instagram.frix7-1.fna.fbcdn.net/v/t51.82787-15/642101412_18559764985012131_5506892507615664240_n.jpg?stp=dst-jpg_e35_p640x640_sh0.08_tt6&_nc_ht=instagram.frix7-1.fna.fbcdn.net&_nc_cat=103&_nc_oc=Q6cZ2gHnZxt15pZB44uz6W0nlmnyvfr2lJhkCbsAsFI553RnQertcggCiGA_Y6hMDn1ouaE&_nc_ohc=KDIkhSdKghIQ7kNvwEBL13O&_nc_gid=9RfVsm_aLddYHOBlkOIxxg&edm=AOQ1c0wBAAAA&ccb=7-5&oh=00_AfxsI5rbiMpWIxCK6Jr0gh3FDlHtsGoUo-N9Fh0S6sHxCw&oe=69CCA951&_nc_sid=8b3546 → pending (?ms, ?B)
[2026-03-27T19:35:25.972Z] GET https://instagram.frix7-1.fna.fbcdn.net/v/t51.82787-15/640497069_18558340405012131_4795326218901059197_n.jpg?stp=dst-jpg_e35_p640x640_sh0.08_tt6&_nc_ht=instagram.frix7-1.fna.fbcdn.net&_nc_cat=103&_nc_oc=Q6cZ2gHnZxt15pZB44uz6W0nlmnyvfr2lJhkCbsAsFI553RnQertcggCiGA_Y6hMDn1ouaE&_nc_ohc=w0RfScvVecgQ7kNvwEQzL-e&_nc_gid=9RfVsm_aLddYHOBlkOIxxg&edm=AOQ1c0wBAAAA&ccb=7-5&oh=00_AfxvHy9fpLUQAdyuazmBkvQc8LroYHGtddnP-DkoQO2KNQ&oe=69CCC159&_nc_sid=8b3546 → pending (?ms, ?B)
[2026-03-27T19:35:25.972Z] GET https://instagram.frix7-1.fna.fbcdn.net/v/t51.82787-15/637274763_18554381617012131_7584855292728421966_n.jpg?stp=dst-jpg_e35_p640x640_sh0.08_tt6&_nc_ht=instagram.frix7-1.fna.fbcdn.net&_nc_cat=103&_nc_oc=Q6cZ2gHnZxt15pZB44uz6W0nlmnyvfr2lJhkCbsAsFI553RnQertcggCiGA_Y6hMDn1ouaE&_nc_ohc=Jg-hrqF01a8Q7kNvwHiHFry&_nc_gid=9RfVsm_aLddYHOBlkOIxxg&edm=AOQ1c0wBAAAA&ccb=7-5&oh=00_AfyahQK5ekL6OLxDmXEdhSOeTPovAFoy-mREsDEnHZaxZw&oe=69CCAA25&_nc_sid=8b3546 → pending (?ms, ?B)
[2026-03-27T19:35:25.982Z] GET https://instagram.frix7-1.fna.fbcdn.net/v/t51.82787-19/599412598_18087454430081220_5532377049833766161_n.jpg?stp=dst-jpg_s150x150_tt6&efg=eyJ2ZW5jb2RlX3RhZyI6InByb2ZpbGVfcGljLmRqYW5nby44NjIuYzIifQ&_nc_ht=instagram.frix7-1.fna.fbcdn.net&_nc_cat=100&_nc_oc=Q6cZ2gHnZxt15pZB44uz6W0nlmnyvfr2lJhkCbsAsFI553RnQertcggCiGA_Y6hMDn1ouaE&_nc_ohc=o0Se_EeGaPQQ7kNvwGv23HM&_nc_gid=9RfVsm_aLddYHOBlkOIxxg&edm=AOQ1c0wBAAAA&ccb=7-5&oh=00_AfzlVAN3lZH6eI_uO9RE6SLLU8y0LTq0X3wHUG_LLTcsDA&oe=69CCC3B6&_nc_sid=8b3546 → pending (?ms, ?B)
[2026-03-27T19:35:25.982Z] GET https://instagram.frix7-1.fna.fbcdn.net/v/t51.82787-19/654702825_17998931582912735_753325325386114920_n.jpg?stp=dst-jpg_s150x150_tt6&efg=eyJ2ZW5jb2RlX3RhZyI6InByb2ZpbGVfcGljLmRqYW5nby4xMDA3LmMyIn0&_nc_ht=instagram.frix7-1.fna.fbcdn.net&_nc_cat=111&_nc_oc=Q6cZ2gHnZxt15pZB44uz6W0nlmnyvfr2lJhkCbsAsFI553RnQertcggCiGA_Y6hMDn1ouaE&_nc_ohc=Ai1XZBAql20Q7kNvwE6tTN9&_nc_gid=9RfVsm_aLddYHOBlkOIxxg&edm=AOQ1c0wBAAAA&ccb=7-5&oh=00_AfzsWRthQDbPgYe7s0aLUGtDUn68WedPrLdPdFJ6bNaKww&oe=69CCB1BB&_nc_sid=8b3546 → 200 (770ms, 4643B)
[2026-03-27T19:35:25.982Z] GET https://instagram.frix7-1.fna.fbcdn.net/v/t51.82787-19/656694907_18066306125678215_2104325265106230549_n.jpg?stp=dst-jpg_s150x150_tt6&efg=eyJ2ZW5jb2RlX3RhZyI6InByb2ZpbGVfcGljLmRqYW5nby42MjUuYzIifQ&_nc_ht=instagram.frix7-1.fna.fbcdn.net&_nc_cat=107&_nc_oc=Q6cZ2gHnZxt15pZB44uz6W0nlmnyvfr2lJhkCbsAsFI553RnQertcggCiGA_Y6hMDn1ouaE&_nc_ohc=oAv8yEOS5Y8Q7kNvwEx63mv&_nc_gid=9RfVsm_aLddYHOBlkOIxxg&edm=AOQ1c0wBAAAA&ccb=7-5&oh=00_AfxbWjR8dyheOxfM0S4OjSB16RR9wi82SsgdLCXEsOfXAQ&oe=69CCB569&_nc_sid=8b3546 → 200 (770ms, 2642B)
[2026-03-27T19:35:25.982Z] GET https://instagram.frix7-1.fna.fbcdn.net/v/t51.2885-19/412365171_1086308425696643_1494248324766045937_n.jpg?stp=dst-jpg_s150x150_tt6&efg=eyJ2ZW5jb2RlX3RhZyI6InByb2ZpbGVfcGljLmRqYW5nby4xMDgwLmMyIn0&_nc_ht=instagram.frix7-1.fna.fbcdn.net&_nc_cat=111&_nc_oc=Q6cZ2gHnZxt15pZB44uz6W0nlmnyvfr2lJhkCbsAsFI553RnQertcggCiGA_Y6hMDn1ouaE&_nc_ohc=AHKqQnMFv5YQ7kNvwEXMjha&_nc_gid=9RfVsm_aLddYHOBlkOIxxg&edm=AOQ1c0wBAAAA&ccb=7-5&oh=00_AfyCjH6I_u65OFdzACIxgKTecsDfIEhMVHTHFNjdtLrXOg&oe=69CC99CF&_nc_sid=8b3546 → pending (?ms, ?B)
[2026-03-27T19:35:25.982Z] GET https://instagram.frix7-1.fna.fbcdn.net/v/t51.2885-19/474019750_2126948797721616_6427757981548649645_n.jpg?stp=dst-jpg_s150x150_tt6&efg=eyJ2ZW5jb2RlX3RhZyI6InByb2ZpbGVfcGljLmRqYW5nby4xMDI5LmMyIn0&_nc_ht=instagram.frix7-1.fna.fbcdn.net&_nc_cat=100&_nc_oc=Q6cZ2gHnZxt15pZB44uz6W0nlmnyvfr2lJhkCbsAsFI553RnQertcggCiGA_Y6hMDn1ouaE&_nc_ohc=YIouo6OKu5YQ7kNvwFfF3o6&_nc_gid=9RfVsm_aLddYHOBlkOIxxg&edm=AOQ1c0wBAAAA&ccb=7-5&oh=00_AfxZa9-j8ghLM1pksuFpqZughdZMM4CBx88-zwvdZir0gg&oe=69CCB250&_nc_sid=8b3546 → pending (?ms, ?B)
[2026-03-27T19:35:25.982Z] GET https://instagram.frix7-1.fna.fbcdn.net/v/t51.2885-19/504342310_18282911815270962_8873238721259263446_n.jpg?stp=dst-jpg_s150x150_tt6&efg=eyJ2ZW5jb2RlX3RhZyI6InByb2ZpbGVfcGljLmRqYW5nby44MTYuYzIifQ&_nc_ht=instagram.frix7-1.fna.fbcdn.net&_nc_cat=106&_nc_oc=Q6cZ2gHnZxt15pZB44uz6W0nlmnyvfr2lJhkCbsAsFI553RnQertcggCiGA_Y6hMDn1ouaE&_nc_ohc=o48x8taJcRkQ7kNvwESWUyE&_nc_gid=9RfVsm_aLddYHOBlkOIxxg&edm=AOQ1c0wBAAAA&ccb=7-5&oh=00_AfxFtSuO6MPLamO6xlNfuQs_ap13VXWcRB0f3Y7xqd94aw&oe=69CCC8E0&_nc_sid=8b3546 → pending (?ms, ?B)
[2026-03-27T19:35:25.982Z] GET https://instagram.frix7-1.fna.fbcdn.net/v/t51.2885-19/272301984_108958845025486_8811443357165707137_n.jpg?stp=dst-jpg_s150x150_tt6&efg=eyJ2ZW5jb2RlX3RhZyI6InByb2ZpbGVfcGljLmRqYW5nby42NDAuYzIifQ&_nc_ht=instagram.frix7-1.fna.fbcdn.net&_nc_cat=110&_nc_oc=Q6cZ2gHnZxt15pZB44uz6W0nlmnyvfr2lJhkCbsAsFI553RnQertcggCiGA_Y6hMDn1ouaE&_nc_ohc=J2Uod99w7PcQ7kNvwFdseZD&_nc_gid=9RfVsm_aLddYHOBlkOIxxg&edm=AOQ1c0wBAAAA&ccb=7-5&oh=00_AfxhG5BNv3rC2l0WE-nkHn6MqVYG8UFxwnA8Uo5WNRkvow&oe=69CCC74E&_nc_sid=8b3546 → 200 (793ms, 4822B)
[2026-03-27T19:35:25.982Z] GET https://instagram.frix7-1.fna.fbcdn.net/v/t51.2885-19/433792242_428802839541844_8557844440785993217_n.jpg?stp=dst-jpg_s150x150_tt6&efg=eyJ2ZW5jb2RlX3RhZyI6InByb2ZpbGVfcGljLmRqYW5nby4zOTguYzIifQ&_nc_ht=instagram.frix7-1.fna.fbcdn.net&_nc_cat=104&_nc_oc=Q6cZ2gHnZxt15pZB44uz6W0nlmnyvfr2lJhkCbsAsFI553RnQertcggCiGA_Y6hMDn1ouaE&_nc_ohc=opRBwZ0ngo8Q7kNvwE1o-N6&_nc_gid=9RfVsm_aLddYHOBlkOIxxg&edm=AOQ1c0wBAAAA&ccb=7-5&oh=00_AfyrkODbPED_NejXYR_Zu0BOrJZgxsDCfcQToQXrV6lmnA&oe=69CCB834&_nc_sid=8b3546 → pending (?ms, ?B)
[2026-03-27T19:35:25.982Z] GET https://instagram.frix7-1.fna.fbcdn.net/v/t51.2885-19/473666729_606000571841560_1424820184278146077_n.jpg?stp=dst-jpg_s150x150_tt6&efg=eyJ2ZW5jb2RlX3RhZyI6InByb2ZpbGVfcGljLmRqYW5nby4xMDgwLmMyIn0&_nc_ht=instagram.frix7-1.fna.fbcdn.net&_nc_cat=104&_nc_oc=Q6cZ2gHnZxt15pZB44uz6W0nlmnyvfr2lJhkCbsAsFI553RnQertcggCiGA_Y6hMDn1ouaE&_nc_ohc=MV73gmlN7HAQ7kNvwEB5tkP&_nc_gid=9RfVsm_aLddYHOBlkOIxxg&edm=AOQ1c0wBAAAA&ccb=7-5&oh=00_AfynYhrTeLnFhzVhbNWl41yftYfGuRQzficDIrUBsI3yxA&oe=69CCA607&_nc_sid=8b3546 → pending (?ms, ?B)
[2026-03-27T19:35:25.982Z] GET https://instagram.frix7-1.fna.fbcdn.net/v/t51.2885-19/242420992_395222198839809_8516454990143857330_n.jpg?stp=dst-jpg_s150x150_tt6&efg=eyJ2ZW5jb2RlX3RhZyI6InByb2ZpbGVfcGljLmRqYW5nby4xMDgwLmMyIn0&_nc_ht=instagram.frix7-1.fna.fbcdn.net&_nc_cat=1&_nc_oc=Q6cZ2gHnZxt15pZB44uz6W0nlmnyvfr2lJhkCbsAsFI553RnQertcggCiGA_Y6hMDn1ouaE&_nc_ohc=HFTXYcje7RgQ7kNvwEHtXdt&_nc_gid=9RfVsm_aLddYHOBlkOIxxg&edm=AOQ1c0wBAAAA&ccb=7-5&oh=00_AfxaEn20ofRGc5pXWNjhY1Kd4N8cXvE9_2ewnLGKLZlIhg&oe=69CCA291&_nc_sid=8b3546 → 200 (780ms, 5015B)
[2026-03-27T19:35:26.085Z] GET https://static.cdninstagram.com/rsrc.php/v4/yP/r/9NgyF_R7b4t.png → 200 (2ms, 42818B)
[2026-03-27T19:35:26.085Z] POST https://www.instagram.com/api/graphql → 200 (18ms, 231B)
[2026-03-27T19:35:26.086Z] POST https://www.instagram.com/api/graphql → 200 (17ms, 228B)
[2026-03-27T19:35:26.086Z] GET https://www.instagram.com/graphql/query/?doc_id=18113378221181848&variables=%7B%22include_chaining%22%3Afalse%2C%22include_highlight_reels%22%3Afalse%2C%22include_live_status%22%3Afalse%2C%22include_logged_out_extras%22%3Atrue%2C%22include_reel%22%3Afalse%2C%22include_suggested_users%22%3Afalse%2C%22user_id%22%3A%22311244130%22%7D → 400 (175ms, 215B)
[2026-03-27T19:35:26.087Z] POST https://www.instagram.com/api/graphql → 200 (15ms, 212B)
[2026-03-27T19:35:26.087Z] GET https://instagram.frix7-1.fna.fbcdn.net/v/t51.2885-19/475752138_596175599853598_3661911454886455755_n.jpg?stp=dst-jpg_s150x150_tt6&efg=eyJ2ZW5jb2RlX3RhZyI6InByb2ZpbGVfcGljLmRqYW5nby43MDUuYzIifQ&_nc_ht=instagram.frix7-1.fna.fbcdn.net&_nc_cat=110&_nc_oc=Q6cZ2gHnZxt15pZB44uz6W0nlmnyvfr2lJhkCbsAsFI553RnQertcggCiGA_Y6hMDn1ouaE&_nc_ohc=Eg0qSjwmPOEQ7kNvwHOTKPg&_nc_gid=9RfVsm_aLddYHOBlkOIxxg&edm=AOQ1c0wBAAAA&ccb=7-5&oh=00_AfyI9SlvJ0kQJK5lB9IFsy5rwfcfM2OUdI_Elr2R-ZxqFg&oe=69CCC30D&_nc_sid=8b3546 → 200 (675ms, 1798B)
[2026-03-27T19:35:26.101Z] GET https://instagram.frix7-1.fna.fbcdn.net/v/t51.82787-15/640497069_18558340405012131_4795326218901059197_n.jpg?stp=c0.1196.3070.3070a_dst-jpg_e15_s320x320_tt6&efg=eyJ2ZW5jb2RlX3RhZyI6ImltYWdlX3VybGdlbi4zMDcweDU0NjIuc2RyLmY4Mjc4Ny5kZWZhdWx0X2NvdmVyX2ZyYW1lLmMyIn0&_nc_ht=instagram.frix7-1.fna.fbcdn.net&_nc_cat=103&_nc_oc=Q6cZ2gHnZxt15pZB44uz6W0nlmnyvfr2lJhkCbsAsFI553RnQertcggCiGA_Y6hMDn1ouaE&_nc_ohc=w0RfScvVecgQ7kNvwEQzL-e&_nc_gid=9RfVsm_aLddYHOBlkOIxxg&edm=AOQ1c0wBAAAA&ccb=7-5&oh=00_AfyV-_QiGOtGyW9RlNZMGInJFxiugpWS_a5oe4Rk3EhXWA&oe=69CCC159&_nc_sid=8b3546 → pending (?ms, ?B)
[2026-03-27T19:35:26.108Z] POST https://www.instagram.com/ajax/bulk-route-definitions/ → 200 (411ms, 43040B)
[2026-03-27T19:35:26.108Z] POST https://www.instagram.com/ajax/bulk-route-definitions/ → 200 (299ms, 54911B)
[2026-03-27T19:35:26.108Z] POST https://www.instagram.com/ajax/bulk-route-definitions/ → 200 (282ms, 20270B)
[2026-03-27T19:35:26.110Z] POST https://www.instagram.com/ajax/bulk-route-definitions/ → 200 (268ms, 57209B)
[2026-03-27T19:35:26.110Z] POST https://www.instagram.com/ajax/bulk-route-definitions/ → 200 (265ms, 24968B)
[2026-03-27T19:35:26.110Z] POST https://www.instagram.com/ajax/bulk-route-definitions/ → 200 (251ms, 54666B)
[2026-03-27T19:35:26.133Z] GET https://instagram.frix7-1.fna.fbcdn.net/v/t51.2885-19/473766658_1132348984962006_4067540038804750692_n.jpg?stp=dst-jpg_s150x150_tt6&efg=eyJ2ZW5jb2RlX3RhZyI6InByb2ZpbGVfcGljLmRqYW5nby4xMDgwLmMyIn0&_nc_ht=instagram.frix7-1.fna.fbcdn.net&_nc_cat=106&_nc_oc=Q6cZ2gHnZxt15pZB44uz6W0nlmnyvfr2lJhkCbsAsFI553RnQertcggCiGA_Y6hMDn1ouaE&_nc_ohc=X9xT9gErc3AQ7kNvwERPMvL&_nc_gid=9RfVsm_aLddYHOBlkOIxxg&edm=AOQ1c0wBAAAA&ccb=7-5&oh=00_Afy6sSKQwI0wyOJ_fjL2eWamNS3AuVsrdQD-ksk58GCr1Q&oe=69CCBD1E&_nc_sid=8b3546 → 200 (653ms, 3497B)
[2026-03-27T19:35:26.133Z] GET https://instagram.frix7-1.fna.fbcdn.net/v/t51.2885-19/310960134_815015209651251_4354161395061387707_n.jpg?stp=dst-jpg_s150x150_tt6&efg=eyJ2ZW5jb2RlX3RhZyI6InByb2ZpbGVfcGljLmRqYW5nby41MTguYzIifQ&_nc_ht=instagram.frix7-1.fna.fbcdn.net&_nc_cat=103&_nc_oc=Q6cZ2gHnZxt15pZB44uz6W0nlmnyvfr2lJhkCbsAsFI553RnQertcggCiGA_Y6hMDn1ouaE&_nc_ohc=xhHSH0Q_TL8Q7kNvwFy4XuA&_nc_gid=9RfVsm_aLddYHOBlkOIxxg&edm=AOQ1c0wBAAAA&ccb=7-5&oh=00_AfxENAj1U7U0djV2uJExFDlQlgaWdCiCP4poIu6UaJzBnw&oe=69CCBFB4&_nc_sid=8b3546 → pending (?ms, ?B)
[2026-03-27T19:35:26.133Z] GET https://instagram.frix7-1.fna.fbcdn.net/v/t51.2885-19/428096991_1299074014093414_5994086121378404671_n.jpg?stp=dst-jpg_s150x150_tt6&efg=eyJ2ZW5jb2RlX3RhZyI6InByb2ZpbGVfcGljLmRqYW5nby4xMDgwLmMyIn0&_nc_ht=instagram.frix7-1.fna.fbcdn.net&_nc_cat=110&_nc_oc=Q6cZ2gHnZxt15pZB44uz6W0nlmnyvfr2lJhkCbsAsFI553RnQertcggCiGA_Y6hMDn1ouaE&_nc_ohc=VxnMbekQFBcQ7kNvwEdiKlC&_nc_gid=9RfVsm_aLddYHOBlkOIxxg&edm=AOQ1c0wBAAAA&ccb=7-5&oh=00_Afwx_Y2C9ZLuBF6yizctJGu9feIY6SMyWBGuqPAMUeTlGg&oe=69CC9A1B&_nc_sid=8b3546 → pending (?ms, ?B)
[2026-03-27T19:35:26.133Z] GET https://instagram.frix7-1.fna.fbcdn.net/v/t51.2885-19/140942840_403694624225385_3756597851595130229_n.jpg?stp=dst-jpg_s150x150_tt6&efg=eyJ2ZW5jb2RlX3RhZyI6InByb2ZpbGVfcGljLmRqYW5nby42MzkuYzIifQ&_nc_ht=instagram.frix7-1.fna.fbcdn.net&_nc_cat=109&_nc_oc=Q6cZ2gHnZxt15pZB44uz6W0nlmnyvfr2lJhkCbsAsFI553RnQertcggCiGA_Y6hMDn1ouaE&_nc_ohc=bVwHZF3E9tUQ7kNvwGMko7S&_nc_gid=9RfVsm_aLddYHOBlkOIxxg&edm=AOQ1c0wBAAAA&ccb=7-5&oh=00_AfxdyRm3vtJKPfrTMrXRhHk9Z4KyZs57QhMeKdrXohnIzA&oe=69CC9B6D&_nc_sid=8b3546 → pending (?ms, ?B)
[2026-03-27T19:35:26.133Z] GET https://instagram.frix7-1.fna.fbcdn.net/v/t51.2885-19/458375051_3939253913062211_9117941170428103882_n.jpg?stp=dst-jpg_s150x150_tt6&efg=eyJ2ZW5jb2RlX3RhZyI6InByb2ZpbGVfcGljLmRqYW5nby44NjYuYzIifQ&_nc_ht=instagram.frix7-1.fna.fbcdn.net&_nc_cat=111&_nc_oc=Q6cZ2gHnZxt15pZB44uz6W0nlmnyvfr2lJhkCbsAsFI553RnQertcggCiGA_Y6hMDn1ouaE&_nc_ohc=0BMx1e8gM2sQ7kNvwEmhfvr&_nc_gid=9RfVsm_aLddYHOBlkOIxxg&edm=AOQ1c0wBAAAA&ccb=7-5&oh=00_Afxnk89nWmTg8FvIAi0PWR21ipeN-hGPZvKXx3j5atqldQ&oe=69CCBDDE&_nc_sid=8b3546 → pending (?ms, ?B)
[2026-03-27T19:35:26.133Z] GET https://instagram.frix7-1.fna.fbcdn.net/v/t51.2885-19/370362722_831162821900597_320509058118611702_n.jpg?stp=dst-jpg_s150x150_tt6&efg=eyJ2ZW5jb2RlX3RhZyI6InByb2ZpbGVfcGljLmRqYW5nby4xMDgwLmMyIn0&_nc_ht=instagram.frix7-1.fna.fbcdn.net&_nc_cat=105&_nc_oc=Q6cZ2gHnZxt15pZB44uz6W0nlmnyvfr2lJhkCbsAsFI553RnQertcggCiGA_Y6hMDn1ouaE&_nc_ohc=JPoTaEXp-x0Q7kNvwGXrdS3&_nc_gid=9RfVsm_aLddYHOBlkOIxxg&edm=AOQ1c0wBAAAA&ccb=7-5&oh=00_AfyPO1ZvA2-MXxrDxAJ6jV534u8oo4Ga1fWwiP4h5V3Kfw&oe=69CCBF5F&_nc_sid=8b3546 → 200 (644ms, 3587B)
[2026-03-27T19:35:26.133Z] GET https://instagram.frix7-1.fna.fbcdn.net/v/t51.82787-19/589161551_18026418965778547_159474265699367195_n.jpg?stp=dst-jpg_s150x150_tt6&efg=eyJ2ZW5jb2RlX3RhZyI6InByb2ZpbGVfcGljLmRqYW5nby4xMDgwLmMyIn0&_nc_ht=instagram.frix7-1.fna.fbcdn.net&_nc_cat=107&_nc_oc=Q6cZ2gHnZxt15pZB44uz6W0nlmnyvfr2lJhkCbsAsFI553RnQertcggCiGA_Y6hMDn1ouaE&_nc_ohc=2We-njvXuVUQ7kNvwEh8EgS&_nc_gid=9RfVsm_aLddYHOBlkOIxxg&edm=AOQ1c0wBAAAA&ccb=7-5&oh=00_AfyMYInXZwMKpmeb7p8q-TComA3es55bZzUcwCmfeolhTQ&oe=69CC9B48&_nc_sid=8b3546 → 200 (653ms, 1816B)
[2026-03-27T19:35:26.133Z] GET https://instagram.frix7-1.fna.fbcdn.net/v/t51.82787-19/565678665_18501010177069073_799903805886367331_n.jpg?stp=dst-jpg_s150x150_tt6&efg=eyJ2ZW5jb2RlX3RhZyI6InByb2ZpbGVfcGljLmRqYW5nby43MDAuYzIifQ&_nc_ht=instagram.frix7-1.fna.fbcdn.net&_nc_cat=105&_nc_oc=Q6cZ2gHnZxt15pZB44uz6W0nlmnyvfr2lJhkCbsAsFI553RnQertcggCiGA_Y6hMDn1ouaE&_nc_ohc=2PVzERQU43UQ7kNvwGTYrxV&_nc_gid=9RfVsm_aLddYHOBlkOIxxg&edm=AOQ1c0wBAAAA&ccb=7-5&oh=00_AfwH4m9mXvwNzfNZUAeUKN1jeu1zRv_kVNVoa29Z5a4rOw&oe=69CCB91D&_nc_sid=8b3546 → pending (?ms, ?B)
[2026-03-27T19:35:26.133Z] GET https://instagram.frix7-1.fna.fbcdn.net/v/t51.82787-19/514395575_17910786543161083_1409047770533621253_n.jpg?stp=dst-jpg_s150x150_tt6&efg=eyJ2ZW5jb2RlX3RhZyI6InByb2ZpbGVfcGljLmRqYW5nby4xMDgwLmMyIn0&_nc_ht=instagram.frix7-1.fna.fbcdn.net&_nc_cat=107&_nc_oc=Q6cZ2gHnZxt15pZB44uz6W0nlmnyvfr2lJhkCbsAsFI553RnQertcggCiGA_Y6hMDn1ouaE&_nc_ohc=NFue0Hn6P20Q7kNvwHmuRBi&_nc_gid=9RfVsm_aLddYHOBlkOIxxg&edm=AOQ1c0wBAAAA&ccb=7-5&oh=00_AfwPE4f4VdLFTeW4huVdkRmDncXkD71A40TFtGKXoEA7cw&oe=69CCA8ED&_nc_sid=8b3546 → pending (?ms, ?B)
[2026-03-27T19:35:26.133Z] GET https://instagram.frix7-1.fna.fbcdn.net/v/t51.82787-19/615409872_18087581156320643_2654165397439752677_n.jpg?stp=dst-jpg_s150x150_tt6&efg=eyJ2ZW5jb2RlX3RhZyI6InByb2ZpbGVfcGljLmRqYW5nby42MjMuYzIifQ&_nc_ht=instagram.frix7-1.fna.fbcdn.net&_nc_cat=111&_nc_oc=Q6cZ2gHnZxt15pZB44uz6W0nlmnyvfr2lJhkCbsAsFI553RnQertcggCiGA_Y6hMDn1ouaE&_nc_ohc=TYz-OHojvH8Q7kNvwHh9NFO&_nc_gid=9RfVsm_aLddYHOBlkOIxxg&edm=AOQ1c0wBAAAA&ccb=7-5&oh=00_Afy6A9h2mzMbpP-QeADBtaD9oMs0PskgPPzsz8OIMGTmXg&oe=69CCBFB9&_nc_sid=8b3546 → pending (?ms, ?B)
[2026-03-27T19:35:26.133Z] GET https://instagram.frix7-1.fna.fbcdn.net/v/t51.2885-19/464901274_1252302795997981_1409251420526197994_n.jpg?stp=dst-jpg_s150x150_tt6&efg=eyJ2ZW5jb2RlX3RhZyI6InByb2ZpbGVfcGljLmRqYW5nby4xMDAwLmMyIn0&_nc_ht=instagram.frix7-1.fna.fbcdn.net&_nc_cat=101&_nc_oc=Q6cZ2gHnZxt15pZB44uz6W0nlmnyvfr2lJhkCbsAsFI553RnQertcggCiGA_Y6hMDn1ouaE&_nc_ohc=mHh1_3102X0Q7kNvwGgZ7n7&_nc_gid=9RfVsm_aLddYHOBlkOIxxg&edm=AOQ1c0wBAAAA&ccb=7-5&oh=00_AfzCpUxQaXaAKZVJvZTjoHhC-Xxe0R1Wvv3cUEE1YdTLuw&oe=69CCAA16&_nc_sid=8b3546 → pending (?ms, ?B)
[2026-03-27T19:35:26.133Z] GET https://instagram.frix7-1.fna.fbcdn.net/v/t51.2885-19/491468780_18225468550289494_8305864383065732046_n.jpg?stp=dst-jpg_s150x150_tt6&efg=eyJ2ZW5jb2RlX3RhZyI6InByb2ZpbGVfcGljLmRqYW5nby4xMDgwLmMyIn0&_nc_ht=instagram.frix7-1.fna.fbcdn.net&_nc_cat=110&_nc_oc=Q6cZ2gHnZxt15pZB44uz6W0nlmnyvfr2lJhkCbsAsFI553RnQertcggCiGA_Y6hMDn1ouaE&_nc_ohc=NlGW-lT-u3cQ7kNvwGBvmhw&_nc_gid=9RfVsm_aLddYHOBlkOIxxg&edm=AOQ1c0wBAAAA&ccb=7-5&oh=00_AfwhZ6lYkt0J5tWlQTpQnYy83PXs0uH7hf3Mh3k8eNEm3A&oe=69CC9B96&_nc_sid=8b3546 → 200 (648ms, 3858B)
[2026-03-27T19:35:26.133Z] GET https://instagram.frix7-1.fna.fbcdn.net/v/t51.2885-19/460624594_813233650986967_3604030077936886226_n.jpg?stp=dst-jpg_s150x150_tt6&efg=eyJ2ZW5jb2RlX3RhZyI6InByb2ZpbGVfcGljLmRqYW5nby4zMjAuYzIifQ&_nc_ht=instagram.frix7-1.fna.fbcdn.net&_nc_cat=107&_nc_oc=Q6cZ2gHnZxt15pZB44uz6W0nlmnyvfr2lJhkCbsAsFI553RnQertcggCiGA_Y6hMDn1ouaE&_nc_ohc=2uQmPWpolhMQ7kNvwH96UaJ&_nc_gid=9RfVsm_aLddYHOBlkOIxxg&edm=AOQ1c0wBAAAA&ccb=7-5&oh=00_AfyPwppX2VIG_UTRQL1dkGR_puf45cJ791xWkgBKyCBEBg&oe=69CCA880&_nc_sid=8b3546 → pending (?ms, ?B)
[2026-03-27T19:35:26.133Z] GET https://instagram.frix7-1.fna.fbcdn.net/v/t51.2885-19/284466128_5404060566291114_5558957672070930026_n.jpg?stp=dst-jpg_s150x150_tt6&efg=eyJ2ZW5jb2RlX3RhZyI6InByb2ZpbGVfcGljLmRqYW5nby4xMDgwLmMyIn0&_nc_ht=instagram.frix7-1.fna.fbcdn.net&_nc_cat=106&_nc_oc=Q6cZ2gHnZxt15pZB44uz6W0nlmnyvfr2lJhkCbsAsFI553RnQertcggCiGA_Y6hMDn1ouaE&_nc_ohc=CtcIp8svO5IQ7kNvwEY47hF&_nc_gid=9RfVsm_aLddYHOBlkOIxxg&edm=AOQ1c0wBAAAA&ccb=7-5&oh=00_Afx-wBLI3Q0k60W2P522HYiUypQxv95CUn-4tbZL_N8WyQ&oe=69CCC3E3&_nc_sid=8b3546 → pending (?ms, ?B)
[2026-03-27T19:35:26.133Z] GET https://instagram.frix7-1.fna.fbcdn.net/v/t51.82787-19/655698608_18345891895300675_836804118895245599_n.jpg?stp=dst-jpg_s150x150_tt6&efg=eyJ2ZW5jb2RlX3RhZyI6InByb2ZpbGVfcGljLmRqYW5nby45OTAuYzIifQ&_nc_ht=instagram.frix7-1.fna.fbcdn.net&_nc_cat=107&_nc_oc=Q6cZ2gHnZxt15pZB44uz6W0nlmnyvfr2lJhkCbsAsFI553RnQertcggCiGA_Y6hMDn1ouaE&_nc_ohc=8hCf4ZE7noAQ7kNvwEtUHDl&_nc_gid=9RfVsm_aLddYHOBlkOIxxg&edm=AOQ1c0wBAAAA&ccb=7-5&oh=00_AfxoafwKtm_X8Wd3f0TSnYbqxwmxjjAiJXZHwr1jWFjR2g&oe=69CCA0D1&_nc_sid=8b3546 → pending (?ms, ?B)
[2026-03-27T19:35:26.134Z] GET https://instagram.frix7-1.fna.fbcdn.net/v/t51.82787-19/567631314_18294234358280833_6291020490466857169_n.jpg?stp=dst-jpg_s150x150_tt6&efg=eyJ2ZW5jb2RlX3RhZyI6InByb2ZpbGVfcGljLmRqYW5nby4xMDgwLmMyIn0&_nc_ht=instagram.frix7-1.fna.fbcdn.net&_nc_cat=101&_nc_oc=Q6cZ2gHnZxt15pZB44uz6W0nlmnyvfr2lJhkCbsAsFI553RnQertcggCiGA_Y6hMDn1ouaE&_nc_ohc=1C65IsNdtTEQ7kNvwEg0U2C&_nc_gid=9RfVsm_aLddYHOBlkOIxxg&edm=AOQ1c0wBAAAA&ccb=7-5&oh=00_Afzp7qG-S2KfWy90imQpaw3sAoAPERImngQIiMJnzZKRPw&oe=69CCA9D4&_nc_sid=8b3546 → 200 (649ms, 3930B)
[2026-03-27T19:35:26.134Z] GET https://instagram.frix7-1.fna.fbcdn.net/v/t51.82787-19/514196407_18508032592036050_4136303547690428218_n.jpg?stp=dst-jpg_s150x150_tt6&efg=eyJ2ZW5jb2RlX3RhZyI6InByb2ZpbGVfcGljLmRqYW5nby45NDguYzIifQ&_nc_ht=instagram.frix7-1.fna.fbcdn.net&_nc_cat=106&_nc_oc=Q6cZ2gHnZxt15pZB44uz6W0nlmnyvfr2lJhkCbsAsFI553RnQertcggCiGA_Y6hMDn1ouaE&_nc_ohc=qLd75v4dP0AQ7kNvwENYibf&_nc_gid=9RfVsm_aLddYHOBlkOIxxg&edm=AOQ1c0wBAAAA&ccb=7-5&oh=00_Afxrg3xZkHpEIM8ISXx-NTmdOD-QDFIzAPdwaUmZzdyncg&oe=69CCB63A&_nc_sid=8b3546 → pending (?ms, ?B)
[2026-03-27T19:35:26.134Z] GET https://instagram.frix7-1.fna.fbcdn.net/v/t51.2885-19/475918612_517823047996665_4782183136186250073_n.jpg?stp=dst-jpg_s150x150_tt6&efg=eyJ2ZW5jb2RlX3RhZyI6InByb2ZpbGVfcGljLmRqYW5nby4xMDgwLmMyIn0&_nc_ht=instagram.frix7-1.fna.fbcdn.net&_nc_cat=109&_nc_oc=Q6cZ2gHnZxt15pZB44uz6W0nlmnyvfr2lJhkCbsAsFI553RnQertcggCiGA_Y6hMDn1ouaE&_nc_ohc=QKiSBr5lH6wQ7kNvwFlflv8&_nc_gid=9RfVsm_aLddYHOBlkOIxxg&edm=AOQ1c0wBAAAA&ccb=7-5&oh=00_AfxqpO355wt-w-_8ndvQCq7Tdlky-Bhla5VcxGZ81qAQmA&oe=69CCC246&_nc_sid=8b3546 → pending (?ms, ?B)
[2026-03-27T19:35:26.134Z] GET https://instagram.frix7-1.fna.fbcdn.net/v/t51.2885-19/418046510_288730984203221_3296907890283656298_n.jpg?stp=dst-jpg_s150x150_tt6&efg=eyJ2ZW5jb2RlX3RhZyI6InByb2ZpbGVfcGljLmRqYW5nby4xMDgwLmMyIn0&_nc_ht=instagram.frix7-1.fna.fbcdn.net&_nc_cat=105&_nc_oc=Q6cZ2gHnZxt15pZB44uz6W0nlmnyvfr2lJhkCbsAsFI553RnQertcggCiGA_Y6hMDn1ouaE&_nc_ohc=SzWc8uRWCfgQ7kNvwGYG0Gs&_nc_gid=9RfVsm_aLddYHOBlkOIxxg&edm=AOQ1c0wBAAAA&ccb=7-5&oh=00_AfwRWNfoM8S_-80xKHP_4iduOsERzFpKnpVx92FT654UAQ&oe=69CCB94C&_nc_sid=8b3546 → pending (?ms, ?B)
[2026-03-27T19:35:26.134Z] GET https://instagram.frix7-1.fna.fbcdn.net/v/t51.2885-19/444770317_975317507600786_2963855164173465571_n.jpg?stp=dst-jpg_s150x150_tt6&efg=eyJ2ZW5jb2RlX3RhZyI6InByb2ZpbGVfcGljLmRqYW5nby4xMDgwLmMyIn0&_nc_ht=instagram.frix7-1.fna.fbcdn.net&_nc_cat=102&_nc_oc=Q6cZ2gHnZxt15pZB44uz6W0nlmnyvfr2lJhkCbsAsFI553RnQertcggCiGA_Y6hMDn1ouaE&_nc_ohc=0rLPd0p_2McQ7kNvwGzTeoD&_nc_gid=9RfVsm_aLddYHOBlkOIxxg&edm=AOQ1c0wBAAAA&ccb=7-5&oh=00_Afxz4ximPywSg12gCRqzykWXLGU_1O-PdxunUb1kZu2h7Q&oe=69CCAA60&_nc_sid=8b3546 → pending (?ms, ?B)
[2026-03-27T19:35:26.134Z] GET https://instagram.frix7-1.fna.fbcdn.net/v/t51.2885-19/457273404_2714100802098197_3160450175882474075_n.jpg?stp=dst-jpg_s150x150_tt6&efg=eyJ2ZW5jb2RlX3RhZyI6InByb2ZpbGVfcGljLmRqYW5nby4xMDgwLmMyIn0&_nc_ht=instagram.frix7-1.fna.fbcdn.net&_nc_cat=105&_nc_oc=Q6cZ2gHnZxt15pZB44uz6W0nlmnyvfr2lJhkCbsAsFI553RnQertcggCiGA_Y6hMDn1ouaE&_nc_ohc=uZmps4zv3yQQ7kNvwHJzMo2&_nc_gid=9RfVsm_aLddYHOBlkOIxxg&edm=AOQ1c0wBAAAA&ccb=7-5&oh=00_AfxvrEWgCTxauLru3_rC3qODm1hDyf2j0bLqNuZevI49HA&oe=69CCADB3&_nc_sid=8b3546 → pending (?ms, ?B)
[2026-03-27T19:35:26.134Z] GET https://instagram.frix7-1.fna.fbcdn.net/v/t51.2885-19/431526269_914131413514015_1753566744655080145_n.jpg?stp=dst-jpg_s150x150_tt6&efg=eyJ2ZW5jb2RlX3RhZyI6InByb2ZpbGVfcGljLmRqYW5nby4xMDgwLmMyIn0&_nc_ht=instagram.frix7-1.fna.fbcdn.net&_nc_cat=107&_nc_oc=Q6cZ2gHnZxt15pZB44uz6W0nlmnyvfr2lJhkCbsAsFI553RnQertcggCiGA_Y6hMDn1ouaE&_nc_ohc=g20_JxgSoZIQ7kNvwHwbZ4I&_nc_gid=9RfVsm_aLddYHOBlkOIxxg&edm=AOQ1c0wBAAAA&ccb=7-5&oh=00_AfyY-EUWo37RM-hPyMat6RhXcC4AQAJldgWqLU_eidanJg&oe=69CCAC07&_nc_sid=8b3546 → pending (?ms, ?B)
[2026-03-27T19:35:26.134Z] GET https://instagram.frix7-1.fna.fbcdn.net/v/t51.2885-19/312501914_5355834481208822_3366632382450883743_n.jpg?stp=dst-jpg_s150x150_tt6&efg=eyJ2ZW5jb2RlX3RhZyI6InByb2ZpbGVfcGljLmRqYW5nby43MjAuYzIifQ&_nc_ht=instagram.frix7-1.fna.fbcdn.net&_nc_cat=102&_nc_oc=Q6cZ2gHnZxt15pZB44uz6W0nlmnyvfr2lJhkCbsAsFI553RnQertcggCiGA_Y6hMDn1ouaE&_nc_ohc=LPWXgxRlxFsQ7kNvwHt4QlR&_nc_gid=9RfVsm_aLddYHOBlkOIxxg&edm=AOQ1c0wBAAAA&ccb=7-5&oh=00_Afz5fFb9dvDOmLGCngQ0x4fH3svQkSVdQUf5BPbrDTyZrw&oe=69CCA994&_nc_sid=8b3546 → pending (?ms, ?B)
[2026-03-27T19:35:26.134Z] GET https://instagram.frix7-1.fna.fbcdn.net/v/t51.82787-19/528335785_18320921473234586_1156971713848956526_n.jpg?stp=dst-jpg_s150x150_tt6&efg=eyJ2ZW5jb2RlX3RhZyI6InByb2ZpbGVfcGljLmRqYW5nby4xMDgwLmMyIn0&_nc_ht=instagram.frix7-1.fna.fbcdn.net&_nc_cat=102&_nc_oc=Q6cZ2gHnZxt15pZB44uz6W0nlmnyvfr2lJhkCbsAsFI553RnQertcggCiGA_Y6hMDn1ouaE&_nc_ohc=DnWaRNALukYQ7kNvwF9QGQY&_nc_gid=9RfVsm_aLddYHOBlkOIxxg&edm=AOQ1c0wBAAAA&ccb=7-5&oh=00_Afx0GEgxxqMqv9J3oNl6sTD69qBbP-OXmc3cqgcCBY_VSQ&oe=69CC9AF8&_nc_sid=8b3546 → pending (?ms, ?B)
[2026-03-27T19:35:26.134Z] GET https://instagram.frix7-1.fna.fbcdn.net/v/t51.2885-19/442481776_885038943392031_6261418353802615436_n.jpg?stp=dst-jpg_s150x150_tt6&efg=eyJ2ZW5jb2RlX3RhZyI6InByb2ZpbGVfcGljLmRqYW5nby4xMDgwLmMyIn0&_nc_ht=instagram.frix7-1.fna.fbcdn.net&_nc_cat=103&_nc_oc=Q6cZ2gHnZxt15pZB44uz6W0nlmnyvfr2lJhkCbsAsFI553RnQertcggCiGA_Y6hMDn1ouaE&_nc_ohc=r3zaE6E7HEYQ7kNvwF6OMV3&_nc_gid=9RfVsm_aLddYHOBlkOIxxg&edm=AOQ1c0wBAAAA&ccb=7-5&oh=00_AfywIcgr79wHo876-2_jnmaP_FFyF5bMWgq5HrWMsLZIqA&oe=69CCA8BA&_nc_sid=8b3546 → pending (?ms, ?B)
[2026-03-27T19:35:26.134Z] GET https://instagram.frix7-1.fna.fbcdn.net/v/t51.2885-19/482219890_1160461118786130_5698223407117278562_n.jpg?stp=dst-jpg_s150x150_tt6&efg=eyJ2ZW5jb2RlX3RhZyI6InByb2ZpbGVfcGljLmRqYW5nby4xMDUwLmMyIn0&_nc_ht=instagram.frix7-1.fna.fbcdn.net&_nc_cat=106&_nc_oc=Q6cZ2gHnZxt15pZB44uz6W0nlmnyvfr2lJhkCbsAsFI553RnQertcggCiGA_Y6hMDn1ouaE&_nc_ohc=CI5oYEnrNPgQ7kNvwG9-s7J&_nc_gid=9RfVsm_aLddYHOBlkOIxxg&edm=AOQ1c0wBAAAA&ccb=7-5&oh=00_AfzGn-jWTG7Fgh93pUQGGZu9f6nD1reR0PYnmKYtRwHhCw&oe=69CCC6E3&_nc_sid=8b3546 → pending (?ms, ?B)
[2026-03-27T19:35:26.134Z] GET https://instagram.frix7-1.fna.fbcdn.net/v/t51.2885-19/49801273_2278827982401158_8586217362229821440_n.jpg?stp=dst-jpg_s150x150_tt6&efg=eyJ2ZW5jb2RlX3RhZyI6InByb2ZpbGVfcGljLmRqYW5nby43MDYuYzIifQ&_nc_ht=instagram.frix7-1.fna.fbcdn.net&_nc_cat=102&_nc_oc=Q6cZ2gHnZxt15pZB44uz6W0nlmnyvfr2lJhkCbsAsFI553RnQertcggCiGA_Y6hMDn1ouaE&_nc_ohc=fPO3NRXWsc8Q7kNvwGd20h4&_nc_gid=9RfVsm_aLddYHOBlkOIxxg&edm=AOQ1c0wBAAAA&ccb=7-5&oh=00_AfzwWleCMNDE9SR-T5AOCtk0pU3c5bW_g4SoDlKM5xHeHw&oe=69CCA493&_nc_sid=8b3546 → pending (?ms, ?B)
[2026-03-27T19:35:26.150Z] POST https://www.instagram.com/ajax/bulk-route-definitions/ → 200 (211ms, 43355B)
[2026-03-27T19:35:26.150Z] POST https://www.instagram.com/ajax/bulk-route-definitions/ → 200 (198ms, 54761B)
[2026-03-27T19:35:26.150Z] POST https://www.instagram.com/ajax/bulk-route-definitions/ → 200 (192ms, 54692B)
[2026-03-27T19:35:26.150Z] POST https://www.instagram.com/ajax/bulk-route-definitions/ → 200 (191ms, 8157B)
[2026-03-27T19:35:26.150Z] POST https://www.instagram.com/ajax/bulk-route-definitions/ → 200 (174ms, 35529B)
[2026-03-27T19:35:26.150Z] POST https://www.instagram.com/ajax/bulk-route-definitions/ → 200 (163ms, 54872B)
[2026-03-27T19:35:26.151Z] POST https://www.instagram.com/ajax/bz?__a=1&__ccg=GOOD&__comet_req=7&__crn=comet.igweb.PolarisProfileRoute&__d=www&__hs=20539.HYP%3Ainstagram_web_pkg.2.1...0&__hsi=7622021287836443144&__req=p&__rev=1036121303&__s=%3A%3Apuis79&__spin_b=trunk&__spin_r=1036121303&__spin_t=1774640122&__user=0&dpr=2&jazoest=22317&lsd=AdSJyXxEWdGBAcFFoHtNSPTLqh4&ph=C3 → 200 (162ms, 94B)
[2026-03-27T19:35:26.169Z] POST https://www.instagram.com/ajax/bz?__a=1&__ccg=GOOD&__comet_req=7&__crn=comet.igweb.PolarisProfileRoute&__d=www&__hs=20539.HYP%3Ainstagram_web_pkg.2.1...0&__hsi=7622021287836443144&__req=q&__rev=1036121303&__s=%3A%3Apuis79&__spin_b=trunk&__spin_r=1036121303&__spin_t=1774640122&__user=0&dpr=2&jazoest=22317&lsd=AdSJyXxEWdGBAcFFoHtNSPTLqh4&ph=C3 → 200 (155ms, 94B)
[2026-03-27T19:35:26.343Z] GET https://static.cdninstagram.com/rsrc.php/v4/y-/r/K_FxaGS9D14.js → 200 (22ms, 1288B)
[2026-03-27T19:35:26.362Z] GET https://static.cdninstagram.com/rsrc.php/v4/yR/r/L7rhS5By-zo.js → 200 (24ms, 1477B)
[2026-03-27T19:35:26.362Z] GET https://static.cdninstagram.com/rsrc.php/v4/yA/r/cPlfAVsTAuu.js → 200 (24ms, 689B)
[2026-03-27T19:35:26.362Z] GET https://static.cdninstagram.com/rsrc.php/v4/yy/r/reYyb-SSn4k.js → 200 (25ms, 653B)
[2026-03-27T19:35:26.363Z] GET https://static.cdninstagram.com/rsrc.php/v4/yq/r/iliyKHOIe9q.js → 200 (24ms, 1679B)
[2026-03-27T19:35:27.173Z] POST https://www.instagram.com/ajax/bz?__a=1&__ccg=GOOD&__comet_req=7&__crn=comet.igweb.PolarisProfileRoute&__d=www&__hs=20539.HYP%3Ainstagram_web_pkg.2.1...0&__hsi=7622021287836443144&__req=r&__rev=1036121303&__s=%3A%3Apuis79&__spin_b=trunk&__spin_r=1036121303&__spin_t=1774640122&__user=0&dpr=2&jazoest=22317&lsd=AdSJyXxEWdGBAcFFoHtNSPTLqh4&ph=C3 → 200 (155ms, 94B)
[2026-03-27T19:35:34.203Z] GET https://static.cdninstagram.com/rsrc.php/v4/ya/r/PlQex4lCPqm.js → 200 (31ms, 494B)
[2026-03-27T19:35:34.204Z] GET https://www.instagram.com/ajax/bootloader-endpoint/?modules=VultureJSSampleRatesLoader&__d=www&__user=0&__a=1&__req=s&__hs=20539.HYP%3Ainstagram_web_pkg.2.1...0&dpr=2&__ccg=GOOD&__rev=1036121303&__s=%3A%3Apuis79&__hsi=7622021287836443144&__dyn=7xeUjG1mxu1syUbFp41twpUnwgU7SbzEdF8aUco2qwJw5ux609vCwjE1EE2Cw8G11wBz81s8hwGxu786a3a1YwBgao6C0Mo2swlo8od8-U2zxe2GewGw9a361qw8Xxm16wUwtE1wEbUGdwtUd-2u2J0bS1LwTwKG1pg2fwxyo6O1FwlA3a3zhA6bwIxe6V89F8uwm8jxK0-8KmUhw4rwhEcE4y1Hwj8&__csr=jsajE2FTeJltaOiNdiNOtpkCBlRpyqHLOmzeKBh6CFbRbOPO7nJJGT4OHfl_8J4HmBPRfV2imT5q_P4AFqiGjAp3tWmgJaGVoHCgHyHDDK9yuBJpe8_RjluFoC4Ah5_AgClaAeBK8yox4x5oyimrVFu446XzURFkF9FozF7y-nCUokwDGj-EK6WybGAEjxm694qjDK59V9UXG4oC4pbAKm4p42F4iwDBho2fwrqJ005DExtDz81k98oway8S0q_w5Wicaz-09Gw57wa20Bi02EA0bFCg1nbw13wEpwlA3V6ogK4U42m0lN0v8C8S0Qo6macawXy40U9A0qi0P8QaGu9UaA32WyoKu4A3i2XwPoj83tG1sw1022d06rwywzxOm07YU0SKaw6vw1kO09rw0l4o&__hsdp=gtA1U1bfj59TcwHfMDv8wMqOoOBChpAsFUiUJm4cVECN0f8l4cx0Wcwhob8GenAwJz60yEhyUeSfAgGSiaq6x9a5bwBwOIwx0IeewtEcocU4CUb8cUjBz98G5EG2e3S9wDwzxt0DxmE8U6e0w5g5y11w74wSwro1jU0JZ04MyEy09PwaK9xB0evw6fwdG0C80BC0NA1ow45xi0KEW6UdU4IwjwjoaE&__hblp=0cycw-wUwYgy221SwYxy11wIy8J6VE9pk0GEPwCxOECinhWyo8Gx6Hz8W9xy8x2q1bxO2q6AiqawwByEoCxd1C2WUb8cWx2nyGoG5EG68G4oaXBCwwwzxah2UrxmE8U6e2S1il0xxq7U46F83cyFU3swSwro1ipo1xE1m40Ktd0nUWaA-0kK2K6E420yEkwaK9AyoF0qE6W3K1rwrEW0yo3qw9y099zUao2sg4yfwKyopwba4Q16w_wPCDzoyi7EngkwAx4wjwjolxi0WE&__sjsp=gtA1U1bfj59TcwHfNdjnO8c6ICcFoSp7oC4Kcw9ox0Wcwhob8uwOzk0yE5KfAwC6xaU&__comet_req=7&__spin_r=1036121303&__spin_b=trunk&__spin_t=1774640122&__crn=comet.igweb.PolarisProfileRoute → 200 (201ms, 144014B)
[2026-03-27T19:35:54.347Z] POST https://www.instagram.com/ajax/bz?__a=1&__ccg=GOOD&__comet_req=7&__crn=comet.igweb.PolarisProfileRoute&__d=www&__hs=20539.HYP%3Ainstagram_web_pkg.2.1...0&__hsi=7622021287836443144&__req=t&__rev=1036121303&__s=%3A%3Apuis79&__spin_b=trunk&__spin_r=1036121303&__spin_t=1774640122&__user=0&dpr=2&jazoest=22317&lsd=AdSJyXxEWdGBAcFFoHtNSPTLqh4&ph=C3 → 200 (158ms, 94B)
[2026-03-27T19:35:56.353Z] POST https://www.instagram.com/ajax/bz?__a=1&__ccg=GOOD&__comet_req=7&__crn=comet.igweb.PolarisProfileRoute&__d=www&__hs=20539.HYP%3Ainstagram_web_pkg.2.1...0&__hsi=7622021287836443144&__req=u&__rev=1036121303&__s=%3A%3Apuis79&__spin_b=trunk&__spin_r=1036121303&__spin_t=1774640122&__user=0&dpr=2&jazoest=22317&lsd=AdSJyXxEWdGBAcFFoHtNSPTLqh4&ph=C3 → 200 (164ms, 94B)
[2026-03-27T19:35:56.938Z] GET https://lustre.pl/ → 200 (279ms, 76755B)
[2026-03-27T19:35:57.225Z] GET https://www.googletagmanager.com/gtag/js?id=G-B89TW6NQND → 200 (41ms, 440629B)
[2026-03-27T19:35:57.225Z] GET https://fonts.googleapis.com/css2?family=Montserrat:wght@300;400;500;600;700&family=Playfair+Display&display=swap → 200 (1ms, 11322B)
[2026-03-27T19:35:57.225Z] GET https://fonts.googleapis.com/css2?family=DM+Sans:wght@400;500;700&display=swap → 200 (1ms, 2643B)
[2026-03-27T19:35:57.225Z] GET https://lustre.pl/_next/static/css/0886aeee07ea9a02.css → 200 (1ms, 11813B)
[2026-03-27T19:35:57.225Z] GET https://lustre.pl/_next/static/chunks/ImagesCarousel.f8b7e270c2a27e44.js → 200 (119ms, 25574B)
[2026-03-27T19:35:57.225Z] GET https://lustre.pl/_next/static/chunks/webpack-44f5cd7fffa8184c.js → 200 (39ms, 4985B)
[2026-03-27T19:35:57.225Z] GET https://lustre.pl/_next/static/chunks/framework-467b11a89995b152.js → 200 (39ms, 141069B)
[2026-03-27T19:35:57.225Z] GET https://lustre.pl/_next/static/chunks/main-34ac7c69a119bfba.js → 200 (41ms, 130688B)
[2026-03-27T19:35:57.225Z] GET https://lustre.pl/_next/static/chunks/pages/_app-c92ce97929f63308.js → 200 (43ms, 967860B)
[2026-03-27T19:35:57.225Z] GET https://lustre.pl/_next/static/chunks/bd1a647f-438db97d3d29bd16.js → 200 (40ms, 79849B)
[2026-03-27T19:35:57.225Z] GET https://lustre.pl/_next/static/chunks/bee240a3-21f43dc49aa39a40.js → 200 (41ms, 97689B)
[2026-03-27T19:35:57.225Z] GET https://lustre.pl/_next/static/chunks/b7f16307-34bc5c4dcbd8f6d9.js → 200 (39ms, 63705B)
[2026-03-27T19:35:57.225Z] GET https://lustre.pl/_next/static/chunks/23-123c1a018e45e3a6.js → 200 (42ms, 717739B)
[2026-03-27T19:35:57.226Z] GET https://lustre.pl/_next/static/chunks/313-19223613efb7945f.js → 200 (41ms, 260559B)
[2026-03-27T19:35:57.226Z] GET https://lustre.pl/_next/static/chunks/901-b4a3bf23446c17d3.js → 200 (39ms, 14246B)
[2026-03-27T19:35:57.226Z] GET https://lustre.pl/_next/static/chunks/528-5f200315da2061bd.js → 200 (39ms, 30109B)
[2026-03-27T19:35:57.226Z] GET https://lustre.pl/_next/static/chunks/356-9ba90d12357e8e04.js → 200 (40ms, 9878B)
[2026-03-27T19:35:57.226Z] GET https://lustre.pl/_next/static/chunks/pages/%5B%5B...slug%5D%5D-feb6da4435201627.js → 200 (40ms, 286B)
[2026-03-27T19:35:57.226Z] GET https://lustre.pl/_next/static/vyV5uhPlz8CPYP88Tzra4/_buildManifest.js → 200 (40ms, 2076B)
[2026-03-27T19:35:57.226Z] GET https://lustre.pl/_next/static/vyV5uhPlz8CPYP88Tzra4/_ssgManifest.js → 200 (41ms, 127B)
[2026-03-27T19:35:57.255Z] GET https://fonts.gstatic.com/s/montserrat/v31/JTUSjIg1_i6t8kCHKm459WlhyyTh89Y.woff2 → 200 (6ms, 35508B)
[2026-03-27T19:35:57.255Z] GET https://fonts.gstatic.com/s/playfairdisplay/v40/nuFvD-vYSZviVYUb_rj3ij__anPXJzDwcbmjWBN2PKdFvXDXbtPK-F2qC0s.woff2 → 200 (5ms, 21880B)
[2026-03-27T19:35:57.260Z] GET https://fonts.gstatic.com/s/montserrat/v31/JTUSjIg1_i6t8kCHKm459WdhyyTh89ZNpQ.woff2 → 200 (1ms, 68224B)
[2026-03-27T19:35:57.500Z] GET https://lustre.pl/_next/image?url=%2Fpage%2Fclj4humch027449nimmpibum8%2Fobszar-kompozycji-1-1300x1080.png&w=1920&q=90 → 200 (53ms, 130726B)
[2026-03-27T19:35:57.500Z] GET https://lustre.pl/_next/data/vyV5uhPlz8CPYP88Tzra4/index.json → 200 (242ms, 8199B)
[2026-03-27T19:35:57.500Z] GET https://lustre.pl/_next/data/vyV5uhPlz8CPYP88Tzra4/o-nas.json?slug=o-nas → 200 (49ms, 11083B)
[2026-03-27T19:35:57.500Z] GET https://lustre.pl/_next/data/vyV5uhPlz8CPYP88Tzra4/zabiegi.json?slug=zabiegi → 200 (242ms, 4632B)
[2026-03-27T19:35:57.500Z] GET https://lustre.pl/_next/data/vyV5uhPlz8CPYP88Tzra4/cennik.json?slug=cennik → 200 (50ms, 32280B)
[2026-03-27T19:35:57.500Z] GET https://lustre.pl/_next/data/vyV5uhPlz8CPYP88Tzra4/voucher.json?slug=voucher → 200 (242ms, 4175B)
[2026-03-27T19:35:57.500Z] GET https://lustre.pl/_next/data/vyV5uhPlz8CPYP88Tzra4/kontakt.json?slug=kontakt → 200 (242ms, 5389B)
[2026-03-27T19:35:57.500Z] GET https://lustre.pl/_next/data/vyV5uhPlz8CPYP88Tzra4/regulamin.json?slug=regulamin → 200 (242ms, 58833B)
[2026-03-27T19:35:57.506Z] GET https://lustre.pl/_next/image?url=%2Fpage%2Fclj4humch027449nimmpibum8%2Fimg-8687.png&w=1920&q=90 → 200 (236ms, 18534B)
[2026-03-27T19:36:02.293Z] POST https://region1.google-analytics.com/g/collect?v=2&tid=G-B89TW6NQND&gtm=45je63p1h1v892761822za200zd892761822&_p=1774640157226&gcd=13l3l3l2l1l1&npa=1&dma_cps=a&dma=1&cid=1097335157.1774640083&ul=en-us&sr=1280x720&uaa=arm&uab=64&uafvl=Not%253AA-Brand%3B99.0.0.0%7CHeadlessChrome%3B145.0.7632.6%7CChromium%3B145.0.7632.6&uamb=0&uam=&uap=macOS&uapv=26.3.1&uaw=0&are=1&frm=0&pscdl=noapi&_eu=AAAAAAQ&_s=1&tag_exp=0~115938466~115938469~117266402~117484252&dp=%2F&sid=1774640083&sct=1&seg=1&dl=https%3A%2F%2Flustre.pl%2F&dt=Lustre&en=page_view&_ee=1&tfd=5354 → 204 (79ms, ?B)
[2026-03-27T19:36:06.595Z] GET https://swiadomakosmetologia.pl/ → pending (?ms, ?B)
[2026-03-27T19:36:10.546Z] GET https://swiadomakosmetologia.pl/wp-content/plugins/header-footer-elementor/inc/widgets-css/frontend.css?ver=2.5.2 → 200 (12ms, 80163B)
[2026-03-27T19:36:10.547Z] GET https://swiadomakosmetologia.pl/wp-content/plugins/shopengine/assets/css/shopengine-public.css?ver=4.8.4 → 200 (11ms, 21012B)
[2026-03-27T19:36:10.548Z] GET https://swiadomakosmetologia.pl/wp-content/plugins/shopengine/widgets/init/assets/css/widget-frontend.css?ver=4.8.4 → 200 (11ms, 302993B)
[2026-03-27T19:36:10.548Z] GET https://swiadomakosmetologia.pl/wp-content/plugins/elementor/assets/lib/font-awesome/css/all.css?ver=4.8.4 → 200 (11ms, 73625B)
[2026-03-27T19:36:10.548Z] GET https://swiadomakosmetologia.pl/wp-content/plugins/woocommerce/assets/client/blocks/wc-blocks.css?ver=wc-10.2.4 → 200 (11ms, 14006B)
[2026-03-27T19:36:10.548Z] GET https://swiadomakosmetologia.pl/wp-content/plugins/contact-form-7/includes/css/styles.css?ver=6.1.2 → 200 (12ms, 2947B)
[2026-03-27T19:36:10.548Z] GET https://swiadomakosmetologia.pl/wp-content/plugins/tutor/assets/css/tutor-icon.min.css?ver=3.8.3 → 200 (12ms, 15482B)
[2026-03-27T19:36:10.548Z] GET https://swiadomakosmetologia.pl/wp-content/plugins/tutor/assets/css/tutor.min.css?ver=3.8.3 → 200 (12ms, 281215B)
[2026-03-27T19:36:10.548Z] GET https://swiadomakosmetologia.pl/wp-content/plugins/tutor/assets/css/tutor-front.min.css?ver=3.8.3 → 200 (12ms, 137372B)
[2026-03-27T19:36:10.548Z] GET https://swiadomakosmetologia.pl/wp-content/plugins/tutor-pro/assets/lib/codesample/prism.css?ver=3.8.3 → 200 (13ms, 2426B)
[2026-03-27T19:36:10.548Z] GET https://swiadomakosmetologia.pl/wp-content/plugins/tutor-pro/assets/css/front.css?ver=3.8.3 → 200 (13ms, 15603B)
[2026-03-27T19:36:10.548Z] GET https://swiadomakosmetologia.pl/wp-content/plugins/tutor-pro/addons/enrollments/assets/css/enroll.css?ver=3.8.3 → 200 (13ms, 1116B)
[2026-03-27T19:36:10.548Z] GET https://swiadomakosmetologia.pl/wp-content/plugins/header-footer-elementor/assets/css/header-footer-elementor.css?ver=2.5.2 → 200 (13ms, 776B)
[2026-03-27T19:36:10.548Z] GET https://swiadomakosmetologia.pl/wp-content/plugins/qode-essential-addons/inc/plugins/elementor/assets/css/elementor.min.css?ver=6.9.4 → 200 (13ms, 17136B)
[2026-03-27T19:36:10.548Z] GET https://swiadomakosmetologia.pl/wp-content/plugins/elementor/assets/css/frontend.min.css?ver=3.32.4 → 200 (13ms, 53614B)
[2026-03-27T19:36:10.548Z] GET https://swiadomakosmetologia.pl/wp-content/plugins/essential-addons-for-elementor-lite/assets/front-end/css/view/general.min.css?ver=6.3.3 → 200 (13ms, 7746B)
[2026-03-27T19:36:10.549Z] GET https://swiadomakosmetologia.pl/wp-content/uploads/essential-addons-elementor/eael-11.css?ver=1760135157 → 200 (12ms, 10135B)
[2026-03-27T19:36:10.549Z] GET https://swiadomakosmetologia.pl/wp-content/uploads/elementor/css/post-444.css?ver=1773249477 → 200 (12ms, 1957B)
[2026-03-27T19:36:10.549Z] GET https://swiadomakosmetologia.pl/wp-content/plugins/elementor/assets/css/widget-image.min.css?ver=3.32.4 → 200 (13ms, 254B)
[2026-03-27T19:36:10.549Z] GET https://swiadomakosmetologia.pl/wp-content/uploads/elementor/css/post-11.css?ver=1773249680 → 200 (13ms, 34417B)
[2026-03-27T19:36:10.549Z] GET https://swiadomakosmetologia.pl/wp-content/uploads/elementor/css/post-1098.css?ver=1773249477 → 200 (13ms, 16198B)
[2026-03-27T19:36:10.549Z] GET https://swiadomakosmetologia.pl/wp-content/plugins/qi-addons-for-elementor/assets/css/grid.min.css?ver=1.9.5 → 200 (13ms, 44907B)
[2026-03-27T19:36:10.549Z] GET https://swiadomakosmetologia.pl/wp-content/plugins/qi-addons-for-elementor/assets/css/helper-parts.min.css?ver=1.9.5 → 200 (13ms, 31211B)
[2026-03-27T19:36:10.549Z] GET https://swiadomakosmetologia.pl/wp-content/plugins/qi-addons-for-elementor/assets/css/main.min.css?ver=1.9.5 → 200 (14ms, 277962B)
[2026-03-27T19:36:10.549Z] GET https://swiadomakosmetologia.pl/wp-content/plugins/qi-addons-for-elementor/assets/plugins/swiper/8.4.5/swiper.min.css?ver=8.4.5 → 200 (14ms, 16470B)
[2026-03-27T19:36:10.549Z] GET https://swiadomakosmetologia.pl/wp-content/plugins/qode-essential-addons/assets/css/main.min.css?ver=1.6.6 → 200 (15ms, 149235B)
[2026-03-27T19:36:10.549Z] GET https://swiadomakosmetologia.pl/wp-content/plugins/woocommerce/assets/css/brands.css?ver=10.2.4 → 200 (15ms, 2279B)
[2026-03-27T19:36:10.549Z] GET https://swiadomakosmetologia.pl/wp-content/plugins/side-cart-woocommerce/assets/css/xoo-wsc-fonts.css?ver=2.7.1 → 200 (15ms, 4220B)
[2026-03-27T19:36:10.549Z] GET https://swiadomakosmetologia.pl/wp-content/plugins/side-cart-woocommerce/assets/css/xoo-wsc-style.css?ver=2.7.1 → 200 (16ms, 14633B)
[2026-03-27T19:36:10.549Z] GET https://fonts.googleapis.com/css?family=DM+Sans%3A400%2C500%2C600%2C700%7CMontserrat%3A400%2C500%2C600%2C700&subset=latin-ext&display=swap&ver=1.0.0 → 200 (16ms, 11188B)
[2026-03-27T19:36:10.549Z] GET https://swiadomakosmetologia.pl/wp-content/themes/qi/assets/css/grid.min.css?ver=1.3 → 200 (16ms, 36015B)
[2026-03-27T19:36:10.549Z] GET https://swiadomakosmetologia.pl/wp-content/themes/qi/assets/css/main.min.css?ver=1.3 → 200 (18ms, 195345B)
[2026-03-27T19:36:10.549Z] GET https://swiadomakosmetologia.pl/wp-content/themes/qi/style.css?ver=1.3 → 200 (18ms, 2275B)
[2026-03-27T19:36:10.549Z] GET https://swiadomakosmetologia.pl/wp-content/plugins/woo-stripe-payment/assets/build/stripe.css?ver=3.3.93 → 200 (18ms, 28864B)
[2026-03-27T19:36:10.549Z] GET https://swiadomakosmetologia.pl/wp-content/plugins/elementor/assets/lib/eicons/css/elementor-icons.min.css?ver=5.34.0 → 200 (18ms, 21256B)
[2026-03-27T19:36:10.549Z] GET https://swiadomakosmetologia.pl/wp-content/plugins/elementor/assets/css/widget-icon-list.min.css?ver=3.24.3 → 200 (19ms, 10470B)
[2026-03-27T19:36:10.549Z] GET https://swiadomakosmetologia.pl/wp-content/plugins/elementor/assets/css/widget-social-icons.min.css?ver=3.24.0 → 200 (19ms, 5150B)
[2026-03-27T19:36:10.549Z] GET https://swiadomakosmetologia.pl/wp-content/plugins/elementor/assets/lib/font-awesome/css/brands.css?ver=5.15.3 → 200 (19ms, 732B)
[2026-03-27T19:36:10.549Z] GET https://swiadomakosmetologia.pl/wp-content/plugins/elementor/assets/lib/font-awesome/css/fontawesome.css?ver=5.15.3 → 200 (20ms, 72184B)
[2026-03-27T19:36:10.549Z] GET https://swiadomakosmetologia.pl/wp-content/plugins/elementor/assets/lib/font-awesome/css/solid.css?ver=5.15.3 → 200 (20ms, 727B)
[2026-03-27T19:36:10.549Z] GET https://fonts.googleapis.com/css?family=Montserrat:100,100italic,200,200italic,300,300italic,400,400italic,500,500italic,600,600italic,700,700italic,800,800italic,900,900italic&display=swap&subset=latin-ext → 200 (21ms, 34587B)
[2026-03-27T19:36:10.549Z] GET https://swiadomakosmetologia.pl/wp-includes/js/jquery/jquery.min.js?ver=3.7.1 → 200 (26ms, 87553B)
[2026-03-27T19:36:10.549Z] GET https://swiadomakosmetologia.pl/wp-includes/js/jquery/jquery-migrate.min.js?ver=3.4.1 → 200 (26ms, 13577B)
[2026-03-27T19:36:10.549Z] GET https://swiadomakosmetologia.pl/wp-content/plugins/yaymail/assets/scripts/notice.js?ver=4.3.0 → 200 (25ms, 1718B)
[2026-03-27T19:36:10.550Z] GET https://swiadomakosmetologia.pl/wp-content/plugins/woocommerce/assets/js/flexslider/jquery.flexslider.min.js?ver=2.7.2-wc.10.2.4 → 200 (132ms, 21555B)
[2026-03-27T19:36:10.550Z] GET https://swiadomakosmetologia.pl/wp-content/plugins/woocommerce/assets/js/jquery-blockui/jquery.blockUI.min.js?ver=2.7.0-wc.10.2.4 → 200 (24ms, 9636B)
[2026-03-27T19:36:10.550Z] GET https://swiadomakosmetologia.pl/wp-content/plugins/woocommerce/assets/js/frontend/add-to-cart.min.js?ver=10.2.4 → 200 (132ms, 4035B)
[2026-03-27T19:36:10.550Z] GET https://swiadomakosmetologia.pl/wp-content/plugins/woocommerce/assets/js/js-cookie/js.cookie.min.js?ver=2.1.4-wc.10.2.4 → 200 (24ms, 1720B)
[2026-03-27T19:36:10.550Z] GET https://swiadomakosmetologia.pl/wp-content/plugins/woocommerce/assets/js/select2/select2.full.min.js?ver=4.0.3-wc.10.2.4 → 200 (133ms, 74620B)
[2026-03-27T19:36:10.550Z] GET https://swiadomakosmetologia.pl/wp-content/plugins/woocommerce/assets/js/frontend/cart-fragments.min.js?ver=10.2.4 → 200 (132ms, 2939B)
[2026-03-27T19:36:10.550Z] GET https://swiadomakosmetologia.pl/wp-content/plugins/elementor/assets/css/conditionals/shapes.min.css?ver=3.32.4 → 200 (20ms, 645B)
[2026-03-27T19:36:10.550Z] GET https://swiadomakosmetologia.pl/wp-content/plugins/elementor/assets/css/widget-google_maps.min.css?ver=3.32.4 → 200 (20ms, 301B)
[2026-03-27T19:36:10.550Z] GET https://swiadomakosmetologia.pl/wp-content/plugins/woocommerce/assets/css/photoswipe/photoswipe.min.css?ver=10.2.4 → 200 (20ms, 3287B)
[2026-03-27T19:36:10.550Z] GET https://swiadomakosmetologia.pl/wp-content/plugins/woocommerce/assets/css/photoswipe/default-skin/default-skin.min.css?ver=10.2.4 → 200 (20ms, 7947B)
[2026-03-27T19:36:10.550Z] GET https://swiadomakosmetologia.pl/wp-content/uploads/2024/12/przezroczystelogo.png → 200 (21ms, 122640B)
[2026-03-27T19:36:10.550Z] GET https://swiadomakosmetologia.pl/wp-content/uploads/2025/10/thumbnail_julia_logo_black-1024x198.png → 200 (22ms, 18664B)
[2026-03-27T19:36:10.550Z] GET https://swiadomakosmetologia.pl/wp-content/uploads/2025/10/background-819x1024.webp → 200 (22ms, 26314B)
[2026-03-27T19:36:10.550Z] GET https://swiadomakosmetologia.pl/wp-includes/js/dist/hooks.min.js?ver=dd5603f07f9220ed27f1 → 200 (51ms, 5661B)
[2026-03-27T19:36:10.550Z] GET https://swiadomakosmetologia.pl/wp-includes/js/dist/i18n.min.js?ver=c26c3dc7bed366793375 → 200 (51ms, 5314B)
[2026-03-27T19:36:10.550Z] GET https://swiadomakosmetologia.pl/wp-content/plugins/contact-form-7/includes/swv/js/index.js?ver=6.1.2 → 200 (120ms, 12512B)
[2026-03-27T19:36:10.550Z] GET https://swiadomakosmetologia.pl/wp-content/plugins/contact-form-7/includes/js/index.js?ver=6.1.2 → 200 (121ms, 13452B)
[2026-03-27T19:36:10.550Z] GET https://swiadomakosmetologia.pl/wp-includes/js/dist/vendor/react.min.js?ver=18.3.1.1 → 200 (121ms, 10628B)
[2026-03-27T19:36:10.550Z] GET https://swiadomakosmetologia.pl/wp-includes/js/dist/vendor/react-dom.min.js?ver=18.3.1.1 → 200 (122ms, 128946B)
[2026-03-27T19:36:10.550Z] GET https://swiadomakosmetologia.pl/wp-includes/js/dist/escape-html.min.js?ver=6561a406d2d232a6fbd2 → 200 (121ms, 1000B)
[2026-03-27T19:36:10.550Z] GET https://swiadomakosmetologia.pl/wp-includes/js/dist/element.min.js?ver=6a582b0c827fa25df3dd → 200 (122ms, 12112B)
[2026-03-27T19:36:10.550Z] GET https://swiadomakosmetologia.pl/wp-content/plugins/tutor/assets/js/tutor.js?ver=3.8.3 → 200 (125ms, 119683B)
[2026-03-27T19:36:10.550Z] GET https://swiadomakosmetologia.pl/wp-includes/js/quicktags.min.js?ver=6.9.4 → 200 (122ms, 11132B)
[2026-03-27T19:36:10.550Z] GET https://swiadomakosmetologia.pl/wp-includes/js/jquery/ui/core.min.js?ver=1.13.3 → 200 (122ms, 21464B)
[2026-03-27T19:36:10.550Z] GET https://swiadomakosmetologia.pl/wp-includes/js/jquery/ui/mouse.min.js?ver=1.13.3 → 200 (122ms, 3428B)
[2026-03-27T19:36:10.550Z] GET https://swiadomakosmetologia.pl/wp-includes/js/jquery/ui/sortable.min.js?ver=1.13.3 → 200 (122ms, 25504B)
[2026-03-27T19:36:10.551Z] GET https://swiadomakosmetologia.pl/wp-includes/js/jquery/jquery.ui.touch-punch.js?ver=0.2.2 → 200 (121ms, 1179B)
[2026-03-27T19:36:10.551Z] GET https://swiadomakosmetologia.pl/wp-content/plugins/tutor/assets/lib/SocialShare/SocialShare.min.js?ver=3.8.3 → 200 (122ms, 2471B)
[2026-03-27T19:36:10.551Z] GET https://swiadomakosmetologia.pl/wp-includes/js/dist/vendor/moment.min.js?ver=2.30.1 → 200 (122ms, 58812B)
[2026-03-27T19:36:10.551Z] GET https://swiadomakosmetologia.pl/wp-includes/js/dist/deprecated.min.js?ver=e1f84915c5e8ae38964c → 200 (122ms, 684B)
[2026-03-27T19:36:10.551Z] GET https://swiadomakosmetologia.pl/wp-includes/js/dist/date.min.js?ver=795a56839718d3ff7eae → 200 (135ms, 783699B)
[2026-03-27T19:36:10.551Z] GET https://swiadomakosmetologia.pl/wp-content/plugins/tutor/assets/js/tutor-front.js?ver=3.8.3 → 200 (128ms, 94658B)
[2026-03-27T19:36:10.551Z] GET https://swiadomakosmetologia.pl/wp-includes/js/jquery/ui/datepicker.min.js?ver=1.13.3 → 200 (122ms, 36748B)
[2026-03-27T19:36:10.551Z] GET https://swiadomakosmetologia.pl/wp-content/plugins/tutor-pro/assets/lib/prism/prism.min.js?ver=3.8.3 → 200 (124ms, 48815B)
[2026-03-27T19:36:10.551Z] GET https://swiadomakosmetologia.pl/wp-content/plugins/tutor-pro/assets/lib/prism/script.js?ver=3.8.3 → 200 (124ms, 635B)
[2026-03-27T19:36:10.552Z] GET https://swiadomakosmetologia.pl/wp-content/plugins/tutor-pro/assets/js/front.js?ver=3.8.3 → 200 (123ms, 43981B)
[2026-03-27T19:36:10.552Z] GET https://swiadomakosmetologia.pl/wp-content/plugins/woocommerce/assets/js/frontend/woocommerce.min.js?ver=10.2.4 → 200 (123ms, 3915B)
[2026-03-27T19:36:10.552Z] GET https://swiadomakosmetologia.pl/wp-content/plugins/essential-addons-for-elementor-lite/assets/front-end/js/view/general.min.js?ver=6.3.3 → 200 (123ms, 11619B)
[2026-03-27T19:36:10.552Z] GET https://swiadomakosmetologia.pl/wp-content/uploads/essential-addons-elementor/eael-11.js?ver=1760135157 → 200 (121ms, ?B)
[2026-03-27T19:36:10.552Z] GET https://swiadomakosmetologia.pl/wp-content/plugins/elementor/assets/js/webpack.runtime.min.js?ver=3.32.4 → 200 (123ms, 5707B)
[2026-03-27T19:36:10.552Z] GET https://swiadomakosmetologia.pl/wp-content/plugins/elementor/assets/js/frontend-modules.min.js?ver=3.32.4 → 200 (125ms, 59579B)
[2026-03-27T19:36:10.552Z] GET https://swiadomakosmetologia.pl/wp-content/plugins/elementor/assets/js/frontend.min.js?ver=3.32.4 → 200 (126ms, 32362B)
[2026-03-27T19:36:10.552Z] GET https://swiadomakosmetologia.pl/wp-content/plugins/header-footer-elementor/inc/js/frontend.js?ver=2.5.2 → 200 (126ms, 31555B)
[2026-03-27T19:36:10.552Z] GET https://swiadomakosmetologia.pl/wp-content/plugins/qi-addons-for-elementor/assets/plugins/swiper/8.4.5/swiper.min.js?ver=8.4.5 → 200 (134ms, 143662B)
[2026-03-27T19:36:10.552Z] GET https://swiadomakosmetologia.pl/wp-content/plugins/qi-addons-for-elementor/assets/js/main.min.js?ver=1.9.5 → 200 (126ms, 63321B)
[2026-03-27T19:36:10.552Z] GET https://swiadomakosmetologia.pl/wp-includes/js/hoverIntent.min.js?ver=1.10.2 → 200 (127ms, 1499B)
[2026-03-27T19:36:10.552Z] GET https://swiadomakosmetologia.pl/wp-content/plugins/qode-essential-addons/assets/plugins/modernizr/modernizr.js?ver=6.9.4 → 200 (127ms, 2729B)
[2026-03-27T19:36:10.552Z] GET https://swiadomakosmetologia.pl/wp-content/plugins/qi-addons-for-elementor/assets/plugins/fslightbox/fslightbox.min.js?ver=6.9.4 → 200 (127ms, 30975B)
[2026-03-27T19:36:10.552Z] GET https://swiadomakosmetologia.pl/wp-content/plugins/qode-essential-addons/assets/js/main.min.js?ver=1.6.6 → 200 (128ms, 21504B)
[2026-03-27T19:36:10.553Z] GET https://swiadomakosmetologia.pl/wp-content/plugins/shopengine/assets/js/simple-scrollbar.js?ver=4.8.4 → 200 (126ms, 2919B)
[2026-03-27T19:36:10.553Z] GET https://swiadomakosmetologia.pl/wp-content/plugins/shopengine/assets/js/filter.js?ver=4.8.4 → 200 (127ms, 1139B)
[2026-03-27T19:36:10.553Z] GET https://swiadomakosmetologia.pl/wp-content/plugins/shopengine/assets/js/public.js?ver=4.8.4 → 200 (127ms, 276B)
[2026-03-27T19:36:10.553Z] GET https://swiadomakosmetologia.pl/wp-content/themes/qi/assets/js/main.min.js?ver=1.3 → 200 (127ms, 4498B)
[2026-03-27T19:36:10.553Z] GET https://js.stripe.com/v3/?ver=3.3.93 → 200 (133ms, 969156B)
[2026-03-27T19:36:10.553Z] GET https://swiadomakosmetologia.pl/wp-content/plugins/woo-stripe-payment/assets/js/frontend/form-handler.min.js?ver=3.3.93 → 200 (127ms, 3333B)
[2026-03-27T19:36:10.553Z] GET https://swiadomakosmetologia.pl/wp-content/plugins/woo-stripe-payment/assets/js/frontend/wc-stripe.min.js?ver=3.3.93 → 200 (127ms, 51551B)
[2026-03-27T19:36:10.553Z] GET https://pay.google.com/gp/p/js/pay.js?ver=3.3.93 → 200 (133ms, 211206B)
[2026-03-27T19:36:10.556Z] GET https://swiadomakosmetologia.pl/wp-content/plugins/woo-stripe-payment/assets/js/frontend/mini-cart.min.js?ver=3.3.93 → 200 (125ms, 4160B)
[2026-03-27T19:36:10.557Z] GET https://swiadomakosmetologia.pl/wp-content/plugins/woocommerce/assets/js/sourcebuster/sourcebuster.min.js?ver=10.2.4 → 200 (124ms, 15315B)
[2026-03-27T19:36:10.557Z] GET https://swiadomakosmetologia.pl/wp-content/plugins/woocommerce/assets/js/frontend/order-attribution.min.js?ver=10.2.4 → 200 (124ms, 2346B)
[2026-03-27T19:36:10.557Z] GET https://swiadomakosmetologia.pl/wp-content/plugins/side-cart-woocommerce/assets/js/xoo-wsc-main.js?ver=2.7.1 → 200 (125ms, 14830B)
[2026-03-27T19:36:10.557Z] GET https://swiadomakosmetologia.pl/wp-content/plugins/qi-addons-for-elementor/inc/plugins/elementor/assets/js/elementor.js?ver=6.9.4 → 200 (124ms, 4896B)
[2026-03-27T19:36:10.557Z] GET https://swiadomakosmetologia.pl/wp-content/plugins/qode-essential-addons/inc/plugins/elementor/assets/js/elementor.js?ver=6.9.4 → 200 (124ms, 1520B)
[2026-03-27T19:36:10.557Z] GET https://swiadomakosmetologia.pl/wp-content/plugins/shopengine/widgets/init/assets/js/widgets.js?ver=4.8.4 → 200 (124ms, 24964B)
[2026-03-27T19:36:10.557Z] GET https://swiadomakosmetologia.pl/wp-content/plugins/woocommerce/assets/js/photoswipe/photoswipe.min.js?ver=4.1.1-wc.10.2.4 → 200 (126ms, 31626B)
[2026-03-27T19:36:10.557Z] GET https://swiadomakosmetologia.pl/wp-content/plugins/woocommerce/assets/js/photoswipe/photoswipe-ui-default.min.js?ver=4.1.1-wc.10.2.4 → 200 (126ms, 9749B)
[2026-03-27T19:36:10.557Z] GET https://swiadomakosmetologia.pl/wp-includes/js/underscore.min.js?ver=1.13.7 → 200 (125ms, 18905B)
[2026-03-27T19:36:10.557Z] GET https://swiadomakosmetologia.pl/wp-includes/js/wp-util.min.js?ver=6.9.4 → 200 (125ms, 1431B)
[2026-03-27T19:36:10.557Z] GET https://swiadomakosmetologia.pl/wp-content/plugins/woocommerce/assets/js/frontend/add-to-cart-variation.min.js?ver=10.2.4 → 200 (126ms, 14751B)
[2026-03-27T19:36:10.557Z] GET https://swiadomakosmetologia.pl/wp-content/plugins/woocommerce/assets/js/frontend/single-product.min.js?ver=10.2.4 → 200 (126ms, 9694B)
[2026-03-27T19:36:10.558Z] GET https://swiadomakosmetologia.pl/wp-content/uploads/custom-css-js/1596.css?v=4903 → 200 (111ms, 928B)
[2026-03-27T19:36:10.558Z] GET https://swiadomakosmetologia.pl/wp-content/uploads/custom-css-js/1470.js?v=8788 → 200 (124ms, 1299B)
[2026-03-27T19:36:10.668Z] GET https://swiadomakosmetologia.pl/wp-content/uploads/2025/10/background-scaled.webp → 200 (1ms, 105654B)
[2026-03-27T19:36:10.668Z] GET https://fonts.gstatic.com/s/montserrat/v31/JTUSjIg1_i6t8kCHKm459WlhyyTh89Y.woff2 → 200 (2ms, 35508B)
[2026-03-27T19:36:10.668Z] GET https://fonts.gstatic.com/s/montserrat/v31/JTUSjIg1_i6t8kCHKm459WdhyyTh89ZNpQ.woff2 → 200 (2ms, 68224B)
[2026-03-27T19:36:10.669Z] GET https://maps.google.com/maps?q=Brodowska%2018a%2C%2063-000%20%C5%9Aroda%20Wielkopolska&t=m&z=15&output=embed&iwloc=near → 301 (1ms, ?B)
[2026-03-27T19:36:10.670Z] GET https://www.google.com/maps/embed?origin=mfe&pb=!1m4!2m1!1sBrodowska+18a,+63-000+%C5%9Aroda+Wielkopolska!5e0!6i15 → pending (?ms, ?B)
[2026-03-27T19:36:10.701Z] GET https://swiadomakosmetologia.pl/wp-content/plugins/side-cart-woocommerce/assets/css/fonts/Woo-Side-Cart.ttf?qq7fgp → 200 (1ms, 16304B)
[2026-03-27T19:36:10.813Z] GET https://js.stripe.com/v3/controller-with-preconnect-877ccb07a3003cc62183dc8828afa7a5.html → 200 (1ms, ?B)
[2026-03-27T19:36:10.822Z] GET https://pay.google.com/gp/p/ui/payframe?origin=https%3A%2F%2Fswiadomakosmetologia.pl&mid= → 200 (1ms, ?B)
[2026-03-27T19:36:10.832Z] GET https://www.gstatic.com/_/mss/boq-payments-consumer/_/js/k=boq-payments-consumer.InstantbuyFrontendBuyflowPayframeUi.en_US.PF0907qN4Rs.2018.O/am=AAAAYAM/d=1/excm=_b,_tp,payframeview/ed=1/dg=0/wt=2/ujg=1/rs=AMitfrj5oAHzrXvLHeaod8h6JtJLqUsdMg/dti=1/m=_b,_tp → pending (?ms, ?B)
[2026-03-27T19:36:10.838Z] GET https://swiadomakosmetologia.pl/wp-includes/js/wp-emoji-release.min.js?ver=6.9.4 → 200 (47ms, 22762B)
[2026-03-27T19:36:10.858Z] GET https://js.stripe.com/v3/fingerprinted/js/shared-ffc31de8eea69f290bfd80fb984d2092.js → 200 (10ms, 884010B)
[2026-03-27T19:36:10.858Z] GET https://js.stripe.com/v3/fingerprinted/js/controller-with-preconnect-70b766322952aee48484112406eae372.js → 200 (41ms, 1203459B)
[2026-03-27T19:36:10.899Z] GET https://swiadomakosmetologia.pl/wp-content/plugins/elementor/assets/js/shared-frontend-handlers.4c8abccc3e268b0767b2.bundle.min.js → 200 (33ms, 8525B)
[2026-03-27T19:36:10.899Z] GET https://swiadomakosmetologia.pl/wp-content/plugins/elementor/assets/js/text-editor.abc8f59c62f2820dc25a.bundle.min.js → 200 (34ms, 1392B)
[2026-03-27T19:36:10.908Z] GET https://s.w.org/images/core/emoji/17.0.2/svg/1f60a.svg → 200 (2ms, 1055B)
[2026-03-27T19:36:10.908Z] GET https://s.w.org/images/core/emoji/17.0.2/svg/1f601.svg → 200 (2ms, 1129B)
[2026-03-27T19:36:10.908Z] GET https://s.w.org/images/core/emoji/17.0.2/svg/1f970.svg → 200 (2ms, 2384B)
[2026-03-27T19:36:10.908Z] GET https://s.w.org/images/core/emoji/17.0.2/svg/263a.svg → 200 (2ms, 1609B)
[2026-03-27T19:36:10.908Z] GET https://s.w.org/images/core/emoji/17.0.2/svg/1f642.svg → 200 (10ms, 525B)
[2026-03-27T19:36:10.908Z] GET https://s.w.org/images/core/emoji/17.0.2/svg/1f979.svg → 200 (11ms, 1685B)
[2026-03-27T19:36:10.908Z] GET https://s.w.org/images/core/emoji/17.0.2/svg/1faf6-1f3fb.svg → 200 (11ms, 1390B)
[2026-03-27T19:36:10.909Z] GET https://s.w.org/images/core/emoji/17.0.2/svg/1f33c.svg → 200 (11ms, 1605B)
[2026-03-27T19:36:10.909Z] GET https://s.w.org/images/core/emoji/17.0.2/svg/1f90e.svg → 200 (11ms, 368B)
[2026-03-27T19:36:10.909Z] GET https://s.w.org/images/core/emoji/17.0.2/svg/2764.svg → 200 (11ms, 368B)
[2026-03-27T19:36:10.909Z] GET https://s.w.org/images/core/emoji/17.0.2/svg/1f929.svg → 200 (12ms, 1270B)
[2026-03-27T19:36:10.909Z] GET https://s.w.org/images/core/emoji/17.0.2/svg/1f60d.svg → 200 (12ms, 941B)
[2026-03-27T19:36:10.909Z] GET https://s.w.org/images/core/emoji/17.0.2/svg/1f9e1.svg → 200 (12ms, 368B)
[2026-03-27T19:36:10.909Z] GET https://s.w.org/images/core/emoji/17.0.2/svg/1f90d.svg → 200 (13ms, 368B)
[2026-03-27T19:36:10.910Z] GET https://s.w.org/images/core/emoji/17.0.2/svg/1faf6.svg → 200 (14ms, 1390B)
[2026-03-27T19:36:10.910Z] GET https://s.w.org/images/core/emoji/17.0.2/svg/1f64f.svg → 200 (15ms, 1519B)
[2026-03-27T19:36:10.910Z] GET https://s.w.org/images/core/emoji/17.0.2/svg/1f64f-1f3fb.svg → 200 (15ms, 1511B)
[2026-03-27T19:36:10.938Z] GET https://www.gstatic.com/_/mss/boq-payments-consumer/_/js/k=boq-payments-consumer.InstantbuyFrontendBuyflowPayframeUi.en_US.PF0907qN4Rs.2018.O/ck=boq-payments-consumer.InstantbuyFrontendBuyflowPayframeUi.5oAaPgDqOc4.L.B1.O/am=AAAAYAM/d=1/exm=_b,_tp/excm=_b,_tp,payframeview/ed=1/wt=2/ujg=1/rs=AMitfrhF5Y2WfBSuCVoPif3WPetUVRpJbA/ee=EmZ2Bf:zr1jrb;JsbNhc:Xd8iUd;K5nYTd:ZDZcre;LBgRLc:XVMNvd;Me32dd:MEeYgc;NJ1rfe:yGfSdd;NPKaK:PVlQOd;NSEoX:lazG7b;Pjplud:EEDORb;QGR0gd:Mlhmy;SNUn3:ZwDk9d;ScI3Yc:e7Hzgb;Uvc8o:VDovNc;YIZmRd:A1yn5d;a56pNe:JEfCwb;cEt90b:ws9Tlc;dIoSBb:SpsfSb;dowIGb:ebZ3mb;eBAeSb:zbML3c;iFQyKf:vfuNJf;lOO0Vd:OTA3Ae;oGtAuc:sOXFj;qQEoOc:KUM7Z;qafBPd:yDVVkb;qddgKe:xQtZb;wR5FRb:siKnQd;yEQyxe:p8L0ob;yxTchf:KUM7Z/dti=1/m=uZmJdd → 200 (5ms, 95148B)
[2026-03-27T19:36:10.952Z] GET https://pay.google.com/gp/p/ui/pay → 200 (9ms, 1294329B)
[2026-03-27T19:36:10.963Z] GET https://www.gstatic.com/_/mss/boq-payments-consumer/_/js/k=boq-payments-consumer.InstantbuyFrontendBuyflowPayframeUi.en_US.PF0907qN4Rs.2018.O/ck=boq-payments-consumer.InstantbuyFrontendBuyflowPayframeUi.5oAaPgDqOc4.L.B1.O/am=AAAAYAM/d=1/exm=_b,_tp,uZmJdd/excm=_b,_tp,payframeview/ed=1/wt=2/ujg=1/rs=AMitfrhF5Y2WfBSuCVoPif3WPetUVRpJbA/ee=EmZ2Bf:zr1jrb;JsbNhc:Xd8iUd;K5nYTd:ZDZcre;LBgRLc:XVMNvd;Me32dd:MEeYgc;NJ1rfe:yGfSdd;NPKaK:PVlQOd;NSEoX:lazG7b;Pjplud:EEDORb;QGR0gd:Mlhmy;SNUn3:ZwDk9d;ScI3Yc:e7Hzgb;Uvc8o:VDovNc;YIZmRd:A1yn5d;a56pNe:JEfCwb;cEt90b:ws9Tlc;dIoSBb:SpsfSb;dowIGb:ebZ3mb;eBAeSb:zbML3c;iFQyKf:vfuNJf;lOO0Vd:OTA3Ae;oGtAuc:sOXFj;qQEoOc:KUM7Z;qafBPd:yDVVkb;qddgKe:xQtZb;wR5FRb:siKnQd;yEQyxe:p8L0ob;yxTchf:KUM7Z/dti=1/m=Wt6vjf,hhhU8,FCpbqb,WhJNk → 200 (12ms, 8578B)
[2026-03-27T19:36:10.963Z] GET https://www.gstatic.com/_/mss/boq-payments-consumer/_/js/k=boq-payments-consumer.InstantbuyFrontendBuyflowPayframeUi.en_US.PF0907qN4Rs.2018.O/ck=boq-payments-consumer.InstantbuyFrontendBuyflowPayframeUi.5oAaPgDqOc4.L.B1.O/am=AAAAYAM/d=1/exm=FCpbqb,WhJNk,Wt6vjf,_b,_tp,hhhU8,uZmJdd/excm=_b,_tp,payframeview/ed=1/wt=2/ujg=1/rs=AMitfrhF5Y2WfBSuCVoPif3WPetUVRpJbA/ee=EmZ2Bf:zr1jrb;JsbNhc:Xd8iUd;K5nYTd:ZDZcre;LBgRLc:XVMNvd;Me32dd:MEeYgc;NJ1rfe:yGfSdd;NPKaK:PVlQOd;NSEoX:lazG7b;Pjplud:EEDORb;QGR0gd:Mlhmy;SNUn3:ZwDk9d;ScI3Yc:e7Hzgb;Uvc8o:VDovNc;YIZmRd:A1yn5d;a56pNe:JEfCwb;cEt90b:ws9Tlc;dIoSBb:SpsfSb;dowIGb:ebZ3mb;eBAeSb:zbML3c;iFQyKf:vfuNJf;lOO0Vd:OTA3Ae;oGtAuc:sOXFj;qQEoOc:KUM7Z;qafBPd:yDVVkb;qddgKe:xQtZb;wR5FRb:siKnQd;yEQyxe:p8L0ob;yxTchf:KUM7Z/dti=1/m=byfTOb,lsjVmc,LEikZe,lwddkf,EFQ78c → 200 (14ms, 37737B)
[2026-03-27T19:36:10.977Z] POST https://play.google.com/log?format=json&hasfast=true&authuser=0 → 200 (83ms, 131B)
[2026-03-27T19:36:10.978Z] POST https://play.google.com/log?format=json&hasfast=true&authuser=0 → 200 (82ms, 131B)
[2026-03-27T19:36:10.978Z] POST https://play.google.com/log?format=json&hasfast=true&authuser=0 → 200 (82ms, 131B)
[2026-03-27T19:36:10.978Z] POST https://play.google.com/log?format=json&hasfast=true&authuser=0 → 200 (81ms, 131B)
[2026-03-27T19:36:10.978Z] POST https://play.google.com/log?format=json&hasfast=true&authuser=0 → 200 (80ms, 131B)
[2026-03-27T19:36:10.978Z] GET https://www.gstatic.com/_/mss/boq-payments-consumer/_/js/k=boq-payments-consumer.InstantbuyFrontendBuyflowPayframeUi.en_US.PF0907qN4Rs.2018.O/ck=boq-payments-consumer.InstantbuyFrontendBuyflowPayframeUi.5oAaPgDqOc4.L.B1.O/am=AAAAYAM/d=1/exm=EFQ78c,FCpbqb,LEikZe,WhJNk,Wt6vjf,_b,_tp,byfTOb,hhhU8,lsjVmc,lwddkf,uZmJdd/excm=_b,_tp,payframeview/ed=1/wt=2/ujg=1/rs=AMitfrhF5Y2WfBSuCVoPif3WPetUVRpJbA/ee=EmZ2Bf:zr1jrb;JsbNhc:Xd8iUd;K5nYTd:ZDZcre;LBgRLc:XVMNvd;Me32dd:MEeYgc;NJ1rfe:yGfSdd;NPKaK:PVlQOd;NSEoX:lazG7b;Pjplud:EEDORb;QGR0gd:Mlhmy;SNUn3:ZwDk9d;ScI3Yc:e7Hzgb;Uvc8o:VDovNc;YIZmRd:A1yn5d;a56pNe:JEfCwb;cEt90b:ws9Tlc;dIoSBb:SpsfSb;dowIGb:ebZ3mb;eBAeSb:zbML3c;iFQyKf:vfuNJf;lOO0Vd:OTA3Ae;oGtAuc:sOXFj;qQEoOc:KUM7Z;qafBPd:yDVVkb;qddgKe:xQtZb;wR5FRb:siKnQd;yEQyxe:p8L0ob;yxTchf:KUM7Z/dti=1/m=p3hmRc,LvGhrf,RqjULd → 200 (4ms, 21937B)
[2026-03-27T19:36:10.998Z] GET https://js.stripe.com/v3/.deploy_status_henson.json → 200 (43ms, 474B)
[2026-03-27T19:36:10.998Z] GET https://js.stripe.com/v3/fingerprinted/js/stripe-cookies-28d0c3a5a6dfa738496e3527f2037989.js → 200 (36ms, 66119B)
[2026-03-27T19:36:10.998Z] GET https://js.stripe.com/v3/.deploy_status_henson.json → 200 (43ms, 474B)
[2026-03-27T19:36:11.034Z] GET https://maps.gstatic.com/maps-api-v3/embed/js/64/6d/init_embed.js → 200 (2ms, 245527B)
[2026-03-27T19:36:11.034Z] GET https://maps.googleapis.com/maps/api/js?key=AIzaSyCmL18misQw9KdwqGaw3zHkitj8vG6QF2Y&paint_origin=&libraries=geometry,search&v=weekly&loading=async&language=en_US&callback=onApiLoad → 200 (?ms, 12907B)
[2026-03-27T19:36:11.034Z] GET https://maps.googleapis.com/maps-api-v3/api/js/64/6d/search.js → 200 (1ms, 2643B)
[2026-03-27T19:36:11.034Z] GET https://maps.googleapis.com/maps-api-v3/api/js/64/6d/geometry.js → 200 (1ms, 7040B)
[2026-03-27T19:36:11.035Z] GET https://maps.googleapis.com/maps-api-v3/api/js/64/6d/main.js → 200 (5ms, 299495B)
[2026-03-27T19:36:11.060Z] GET https://maps.googleapis.com/maps/api/mapsjs/gen_204?csp_test=true → 200 (52ms, 3B)
[2026-03-27T19:36:11.077Z] GET https://maps.googleapis.com/maps-api-v3/api/js/64/6d/common.js → 200 (9ms, 126936B)
[2026-03-27T19:36:11.077Z] GET https://maps.googleapis.com/maps-api-v3/api/js/64/6d/util.js → 200 (10ms, 310651B)
[2026-03-27T19:36:11.077Z] GET https://maps.googleapis.com/maps-api-v3/api/js/64/6d/map.js → 200 (9ms, 81658B)
[2026-03-27T19:36:11.077Z] GET https://maps.googleapis.com/maps-api-v3/api/js/64/6d/places.js → 200 (11ms, 350913B)
[2026-03-27T19:36:11.085Z] GET https://maps.googleapis.com/maps/api/js/StaticMapService.GetMapImage?1m2&1i4596902&2i2762261&2e1&3u15&4m2&1u390&2u300&5m6&1e0&5sen-US&6sus&10b1&12b1&14i47083502&8e1&key=AIzaSyCmL18misQw9KdwqGaw3zHkitj8vG6QF2Y&token=63175 → 200 (3ms, 23244B)
[2026-03-27T19:36:11.088Z] GET https://maps.googleapis.com/maps-api-v3/api/js/64/6d/onion.js → 200 (17ms, 31035B)
[2026-03-27T19:36:11.088Z] GET https://maps.googleapis.com/maps-api-v3/api/js/64/6d/search_impl.js → 200 (16ms, 3586B)
[2026-03-27T19:36:11.089Z] POST https://swiadomakosmetologia.pl/?wc-ajax=xoo_wsc_refresh_fragments → pending (?ms, ?B)
[2026-03-27T19:36:11.812Z] GET https://js.stripe.com/v3/m-outer-3437aaddcdf6922d623e172c2d6f9278.html → 200 (?ms, 200B)
[2026-03-27T19:36:11.815Z] GET https://js.stripe.com/v3/fingerprinted/js/m-outer-15a2b40a058ddff1cffdb63779fe3de1.js → 200 (1ms, 526B)
[2026-03-27T19:36:11.818Z] GET https://m.stripe.network/inner.html → 200 (?ms, ?B)
[2026-03-27T19:36:11.838Z] GET https://m.stripe.network/out-4.5.45.js → 200 (1ms, 88737B)
[2026-03-27T19:36:11.856Z] POST https://m.stripe.com/6 → 200 (170ms, 156B)
[2026-03-27T19:36:12.044Z] POST https://r.stripe.com/b → 200 (328ms, ?B)
[2026-03-27T19:36:12.044Z] POST https://r.stripe.com/b → 200 (164ms, ?B)
[2026-03-27T19:36:16.086Z] GET https://js.stripe.com/v3/fingerprinted/js/trusted-types-checker-a86dcafd042e60cf7585cbabd57b0cdb.js → 200 (29ms, 176B)
[2026-03-27T19:36:48.615Z] GET https://www.heybeauty-krk.com/ → pending (?ms, ?B)
[2026-03-27T19:36:51.128Z] GET https://booksy.com/pl-pl/111132_hey-beauty-2-0_salon-kosmetyczny_8820_krakow → pending (?ms, ?B)
[2026-03-27T19:36:53.842Z] GET https://pg.feroot.com/v1/bundle/7c7d3c18-3309-48c6-a1b8-966081b8ff7d → pending (?ms, ?B)
[2026-03-27T19:36:53.842Z] GET https://www.googletagmanager.com/gtag/js → pending (?ms, ?B)
[2026-03-27T19:36:53.842Z] GET https://dk2h3gy4kn9jw.cloudfront.net/web-2019/1f34442d/1472f2c.js → pending (?ms, ?B)
[2026-03-27T19:36:53.842Z] GET https://dk2h3gy4kn9jw.cloudfront.net/web-2019/1f34442d/e2a71a9.js → pending (?ms, ?B)
[2026-03-27T19:36:53.842Z] GET https://dk2h3gy4kn9jw.cloudfront.net/web-2019/1f34442d/2057d92.js → pending (?ms, ?B)
[2026-03-27T19:36:53.842Z] GET https://dk2h3gy4kn9jw.cloudfront.net/web-2019/1f34442d/css/ecf74a2.css → pending (?ms, ?B)
[2026-03-27T19:36:53.843Z] GET https://dk2h3gy4kn9jw.cloudfront.net/web-2019/1f34442d/368cfb6.js → pending (?ms, ?B)
[2026-03-27T19:36:53.843Z] GET https://dk2h3gy4kn9jw.cloudfront.net/web-2019/1f34442d/css/a3e8f00.css → pending (?ms, ?B)
[2026-03-27T19:36:53.843Z] GET https://dk2h3gy4kn9jw.cloudfront.net/web-2019/1f34442d/085c22c.js → pending (?ms, ?B)
[2026-03-27T19:36:53.843Z] GET https://dk2h3gy4kn9jw.cloudfront.net/web-2019/1f34442d/img/header-bg.f0d45f5.jpg → pending (?ms, ?B)
[2026-03-27T19:36:53.843Z] GET https://dk2h3gy4kn9jw.cloudfront.net/web-2019/1f34442d/img/header-bg-pl.d057534.jpg → pending (?ms, ?B)
[2026-03-27T19:36:53.843Z] GET https://dk2h3gy4kn9jw.cloudfront.net/web-2019/1f34442d/css/c2225d8.css → pending (?ms, ?B)
[2026-03-27T19:36:53.843Z] GET https://dk2h3gy4kn9jw.cloudfront.net/web-2019/1f34442d/757c3de.js → pending (?ms, ?B)
[2026-03-27T19:36:53.843Z] GET https://dk2h3gy4kn9jw.cloudfront.net/web-2019/1f34442d/css/88731c9.css → pending (?ms, ?B)
[2026-03-27T19:36:53.843Z] GET https://dk2h3gy4kn9jw.cloudfront.net/web-2019/1f34442d/830d80e.js → pending (?ms, ?B)
[2026-03-27T19:36:53.843Z] GET https://dk2h3gy4kn9jw.cloudfront.net/web-2019/1f34442d/ee34be7.js → pending (?ms, ?B)
[2026-03-27T19:36:53.843Z] GET https://dk2h3gy4kn9jw.cloudfront.net/web-2019/1f34442d/09f9bb3.js → pending (?ms, ?B)
[2026-03-27T19:36:53.843Z] GET https://dk2h3gy4kn9jw.cloudfront.net/web-2019/1f34442d/85e0e98.js → pending (?ms, ?B)
[2026-03-27T19:36:53.843Z] GET https://dk2h3gy4kn9jw.cloudfront.net/web-2019/1f34442d/71fab92.js → pending (?ms, ?B)
[2026-03-27T19:36:53.843Z] GET https://dk2h3gy4kn9jw.cloudfront.net/web-2019/1f34442d/64badc3.js → pending (?ms, ?B)
[2026-03-27T19:36:53.843Z] GET https://dk2h3gy4kn9jw.cloudfront.net/web-2019/1f34442d/css/d25de80.css → pending (?ms, ?B)
[2026-03-27T19:36:53.843Z] GET https://dk2h3gy4kn9jw.cloudfront.net/web-2019/1f34442d/3bf7f6e.js → pending (?ms, ?B)
[2026-03-27T19:36:53.843Z] GET https://dk2h3gy4kn9jw.cloudfront.net/web-2019/1f34442d/css/d3e0899.css → pending (?ms, ?B)
[2026-03-27T19:36:53.843Z] GET https://dk2h3gy4kn9jw.cloudfront.net/web-2019/1f34442d/74c456a.js → pending (?ms, ?B)
[2026-03-27T19:36:53.843Z] GET https://dk2h3gy4kn9jw.cloudfront.net/web-2019/1f34442d/11938aa.js → pending (?ms, ?B)
[2026-03-27T19:36:53.843Z] GET https://dk2h3gy4kn9jw.cloudfront.net/web-2019/1f34442d/css/b89c6db.css → pending (?ms, ?B)
[2026-03-27T19:36:53.843Z] GET https://dk2h3gy4kn9jw.cloudfront.net/web-2019/1f34442d/72816cd.js → pending (?ms, ?B)
[2026-03-27T19:36:53.843Z] GET https://dk2h3gy4kn9jw.cloudfront.net/web-2019/1f34442d/css/8836c1c.css → pending (?ms, ?B)
[2026-03-27T19:36:53.843Z] GET https://dk2h3gy4kn9jw.cloudfront.net/web-2019/1f34442d/725b547.js → pending (?ms, ?B)
[2026-03-27T19:36:53.843Z] GET https://dk2h3gy4kn9jw.cloudfront.net/web-2019/1f34442d/06f4a08.js → pending (?ms, ?B)
[2026-03-27T19:36:53.843Z] GET https://dk2h3gy4kn9jw.cloudfront.net/web-2019/1f34442d/css/d0a2c49.css → pending (?ms, ?B)
[2026-03-27T19:36:53.843Z] GET https://dk2h3gy4kn9jw.cloudfront.net/web-2019/1f34442d/840f3a1.js → pending (?ms, ?B)
[2026-03-27T19:36:53.843Z] GET https://dk2h3gy4kn9jw.cloudfront.net/web-2019/1f34442d/css/fb20971.css → pending (?ms, ?B)
[2026-03-27T19:36:53.843Z] GET https://dk2h3gy4kn9jw.cloudfront.net/web-2019/1f34442d/396526e.js → pending (?ms, ?B)
[2026-03-27T19:36:53.843Z] GET https://dk2h3gy4kn9jw.cloudfront.net/web-2019/1f34442d/css/3a574b5.css → pending (?ms, ?B)
[2026-03-27T19:36:53.843Z] GET https://dk2h3gy4kn9jw.cloudfront.net/web-2019/1f34442d/9177613.js → pending (?ms, ?B)
[2026-03-27T19:36:53.843Z] GET https://dk2h3gy4kn9jw.cloudfront.net/web-2019/1f34442d/8bd776b.js → pending (?ms, ?B)
[2026-03-27T19:36:53.843Z] GET https://dk2h3gy4kn9jw.cloudfront.net/web-2019/1f34442d/eab03d2.js → pending (?ms, ?B)
[2026-03-27T19:36:53.843Z] GET https://dk2h3gy4kn9jw.cloudfront.net/web-2019/1f34442d/1ba3343.js → pending (?ms, ?B)
[2026-03-27T19:36:53.843Z] GET https://dk2h3gy4kn9jw.cloudfront.net/web-2019/1f34442d/css/137e135.css → pending (?ms, ?B)
[2026-03-27T19:36:53.843Z] GET https://dk2h3gy4kn9jw.cloudfront.net/web-2019/1f34442d/d29f245.js → pending (?ms, ?B)
[2026-03-27T19:36:53.843Z] GET https://dk2h3gy4kn9jw.cloudfront.net/web-2019/1f34442d/css/08a677e.css → pending (?ms, ?B)
[2026-03-27T19:36:53.844Z] GET https://dk2h3gy4kn9jw.cloudfront.net/web-2019/1f34442d/c9ac476.js → pending (?ms, ?B)
[2026-03-27T19:36:53.844Z] GET https://dk2h3gy4kn9jw.cloudfront.net/web-2019/1f34442d/css/f18e4de.css → pending (?ms, ?B)
[2026-03-27T19:36:53.844Z] GET https://dk2h3gy4kn9jw.cloudfront.net/web-2019/1f34442d/dfd7aec.js → pending (?ms, ?B)
[2026-03-27T19:36:53.844Z] GET https://dk2h3gy4kn9jw.cloudfront.net/web-2019/1f34442d/befd5e4.js → pending (?ms, ?B)
[2026-03-27T19:36:53.844Z] GET https://dk2h3gy4kn9jw.cloudfront.net/web-2019/1f34442d/css/402b523.css → pending (?ms, ?B)
[2026-03-27T19:36:53.844Z] GET https://dk2h3gy4kn9jw.cloudfront.net/web-2019/1f34442d/ea54cab.js → pending (?ms, ?B)
[2026-03-27T19:36:53.844Z] GET https://dk2h3gy4kn9jw.cloudfront.net/web-2019/1f34442d/css/8902896.css → pending (?ms, ?B)
[2026-03-27T19:36:53.844Z] GET https://dk2h3gy4kn9jw.cloudfront.net/web-2019/1f34442d/9c17856.js → pending (?ms, ?B)
[2026-03-27T19:36:53.844Z] GET https://dk2h3gy4kn9jw.cloudfront.net/web-2019/1f34442d/css/6f6c46b.css → pending (?ms, ?B)
[2026-03-27T19:36:53.844Z] GET https://dk2h3gy4kn9jw.cloudfront.net/web-2019/1f34442d/b060cb3.js → pending (?ms, ?B)
[2026-03-27T19:36:53.844Z] GET https://dk2h3gy4kn9jw.cloudfront.net/web-2019/1f34442d/css/aa1becc.css → pending (?ms, ?B)
[2026-03-27T19:36:53.844Z] GET https://dk2h3gy4kn9jw.cloudfront.net/web-2019/1f34442d/0f9dd18.js → pending (?ms, ?B)
[2026-03-27T19:36:53.844Z] GET https://dk2h3gy4kn9jw.cloudfront.net/web-2019/1f34442d/8b827e5.js → pending (?ms, ?B)
[2026-03-27T19:36:53.844Z] GET https://dk2h3gy4kn9jw.cloudfront.net/web-2019/1f34442d/de6a190.js → pending (?ms, ?B)
[2026-03-27T19:36:53.844Z] GET https://dk2h3gy4kn9jw.cloudfront.net/web-2019/1f34442d/css/f306fa1.css → pending (?ms, ?B)
[2026-03-27T19:36:53.844Z] GET https://dk2h3gy4kn9jw.cloudfront.net/web-2019/1f34442d/c9f4b6f.js → pending (?ms, ?B)
[2026-03-27T19:36:53.844Z] GET https://dk2h3gy4kn9jw.cloudfront.net/web-2019/1f34442d/css/c900126.css → pending (?ms, ?B)
[2026-03-27T19:36:53.844Z] GET https://dk2h3gy4kn9jw.cloudfront.net/web-2019/1f34442d/5216d89.js → pending (?ms, ?B)
[2026-03-27T19:36:53.844Z] GET https://dk2h3gy4kn9jw.cloudfront.net/web-2019/1f34442d/6c45fd6.js → pending (?ms, ?B)
[2026-03-27T19:36:53.844Z] GET https://dk2h3gy4kn9jw.cloudfront.net/web-2019/1f34442d/css/d9dc917.css → pending (?ms, ?B)
[2026-03-27T19:36:53.844Z] GET https://dk2h3gy4kn9jw.cloudfront.net/web-2019/1f34442d/927c5ae.js → pending (?ms, ?B)
[2026-03-27T19:36:53.844Z] GET https://dk2h3gy4kn9jw.cloudfront.net/web-2019/1f34442d/css/00f6f38.css → pending (?ms, ?B)
[2026-03-27T19:36:53.844Z] GET https://dk2h3gy4kn9jw.cloudfront.net/web-2019/1f34442d/adff4e9.js → pending (?ms, ?B)
[2026-03-27T19:36:53.844Z] GET https://dk2h3gy4kn9jw.cloudfront.net/web-2019/1f34442d/css/f22587c.css → pending (?ms, ?B)
[2026-03-27T19:36:53.845Z] GET https://dk2h3gy4kn9jw.cloudfront.net/web-2019/1f34442d/0969762.js → pending (?ms, ?B)
[2026-03-27T19:36:53.845Z] GET https://dk2h3gy4kn9jw.cloudfront.net/web-2019/1f34442d/css/57fa161.css → pending (?ms, ?B)
[2026-03-27T19:36:53.845Z] GET https://dk2h3gy4kn9jw.cloudfront.net/web-2019/1f34442d/51fbbb2.js → pending (?ms, ?B)
[2026-03-27T19:36:53.845Z] GET https://d375139ucebi94.cloudfront.net/region2/pl/111132/service_photos/044ece9aa41d4101b517373843fc8406.jpeg → pending (?ms, ?B)
[2026-03-27T19:36:53.845Z] GET https://d375139ucebi94.cloudfront.net/region2/pl/111132/service_photos/9b056d422def44afb80d4c0d56069378.jpeg → pending (?ms, ?B)
[2026-03-27T19:36:53.845Z] GET https://d375139ucebi94.cloudfront.net/region2/pl/111132/service_photos/76f95d9fa1c74dc189a70a4181f58b7f.jpeg → pending (?ms, ?B)
[2026-03-27T19:36:53.845Z] GET https://d375139ucebi94.cloudfront.net/region2/pl/111132/service_photos/b3675b283611481494c8bc0637cde506.jpeg → pending (?ms, ?B)
[2026-03-27T19:36:53.845Z] GET https://d375139ucebi94.cloudfront.net/region2/pl/111132/service_photos/956490c48c574b96ba1f05fe8b16bf74.jpeg → pending (?ms, ?B)
[2026-03-27T19:36:53.845Z] GET https://d375139ucebi94.cloudfront.net/region2/pl/111132/service_photos/12cb985b2f4248b293a2b62051984dc2.jpeg → pending (?ms, ?B)
[2026-03-27T19:36:53.845Z] GET https://d375139ucebi94.cloudfront.net/region2/pl/111132/service_photos/2d36580af2164ed2b69b5e7f43589373.jpeg → pending (?ms, ?B)
[2026-03-27T19:36:53.845Z] GET https://d375139ucebi94.cloudfront.net/region2/pl/111132/service_photos/23c6ab2d9de14ffeb36a7b793979390d.jpeg → pending (?ms, ?B)
[2026-03-27T19:36:53.845Z] GET https://d375139ucebi94.cloudfront.net/region2/pl/111132/service_photos/ecb868c45d364c5cab139fad18ab82ef.jpeg → pending (?ms, ?B)
[2026-03-27T19:36:53.846Z] GET https://d375139ucebi94.cloudfront.net/region2/pl/111132/service_photos/0e4cc99abfdd44a09532ffae755c3094.jpeg → pending (?ms, ?B)
[2026-03-27T19:36:53.846Z] GET https://d375139ucebi94.cloudfront.net/region2/pl/111132/service_photos/b87c17160a3a4281afdbbe86249e4215.jpeg → pending (?ms, ?B)
[2026-03-27T19:36:53.846Z] GET https://d375139ucebi94.cloudfront.net/region2/pl/111132/service_photos/5bf74000763f4fc7a6cca595c4bbd929.jpeg → pending (?ms, ?B)
[2026-03-27T19:36:53.846Z] GET https://d375139ucebi94.cloudfront.net/region2/pl/111132/service_photos/a830ff8c7f0c4f91a80f900690918703.jpeg → pending (?ms, ?B)
[2026-03-27T19:36:53.846Z] GET https://d375139ucebi94.cloudfront.net/region2/pl/111132/service_photos/b8fa43c06aa741bb9ab4f92b170ad1e3.jpeg → pending (?ms, ?B)
[2026-03-27T19:36:53.846Z] GET https://d375139ucebi94.cloudfront.net/region2/pl/111132/service_photos/50cca0277bd64bd79905f079e208e320.jpeg → pending (?ms, ?B)
[2026-03-27T19:36:53.846Z] GET https://d375139ucebi94.cloudfront.net/region2/pl/111132/service_photos/3bb81d2956a64707bee901ad661514a8.jpeg → pending (?ms, ?B)
[2026-03-27T19:36:53.846Z] GET https://d375139ucebi94.cloudfront.net/region2/pl/111132/service_photos/2d6669fbe93540198d41055dd5823b56.jpeg → pending (?ms, ?B)
[2026-03-27T19:36:53.846Z] GET https://d375139ucebi94.cloudfront.net/region2/pl/111132/service_photos/1b176bddad904d118277888fa3bef9cc.jpeg → pending (?ms, ?B)
[2026-03-27T19:36:53.846Z] GET https://d375139ucebi94.cloudfront.net/region2/pl/111132/service_photos/118c3f67e97a4b2f962fa34597786a28.jpeg → pending (?ms, ?B)
[2026-03-27T19:36:53.846Z] GET https://d375139ucebi94.cloudfront.net/region2/pl/111132/service_photos/6b64196045e84f5e93a1b94d987892d3.jpeg → pending (?ms, ?B)
[2026-03-27T19:36:53.846Z] GET https://d375139ucebi94.cloudfront.net/region2/pl/111132/service_photos/7b5ad73d2a074455b11c8e91bff6f2ba.jpeg → pending (?ms, ?B)
[2026-03-27T19:36:53.846Z] GET https://d375139ucebi94.cloudfront.net/region2/pl/111132/service_photos/06fd8d380af44b1998183e57b1442b9c.jpeg → pending (?ms, ?B)
[2026-03-27T19:36:53.846Z] GET https://d375139ucebi94.cloudfront.net/region2/pl/111132/service_photos/6e95c59dd600417eaec57699144e5ab3.jpeg → pending (?ms, ?B)
[2026-03-27T19:36:53.846Z] GET https://d375139ucebi94.cloudfront.net/region2/pl/111132/service_photos/b3c99728e4a841c7adaa147ae428993b.jpeg → pending (?ms, ?B)
[2026-03-27T19:36:53.846Z] GET https://d375139ucebi94.cloudfront.net/region2/pl/111132/service_photos/7d6149971973494e8759f2f8be4df68f.jpeg → pending (?ms, ?B)
[2026-03-27T19:36:53.846Z] GET https://d375139ucebi94.cloudfront.net/region2/pl/111132/service_photos/bfed3f38f044434394a350681059ab8c.jpeg → pending (?ms, ?B)
[2026-03-27T19:36:53.846Z] GET https://d375139ucebi94.cloudfront.net/region2/pl/111132/service_photos/c6266a964296443fa47efe29fee2b4a4.jpeg → pending (?ms, ?B)
[2026-03-27T19:36:53.846Z] GET https://d375139ucebi94.cloudfront.net/region2/pl/111132/service_photos/a049741b5c4447208313609750c29325.jpeg → pending (?ms, ?B)
[2026-03-27T19:36:53.846Z] GET https://d375139ucebi94.cloudfront.net/region2/pl/111132/service_photos/2e75d4e984ad43b4871b1ba451bd7a73.jpeg → pending (?ms, ?B)
[2026-03-27T19:36:53.846Z] GET https://d375139ucebi94.cloudfront.net/region2/pl/111132/service_photos/3a9f42a7adf34d7b80f41812a200eb17.jpeg → pending (?ms, ?B)
[2026-03-27T19:36:53.846Z] GET https://d375139ucebi94.cloudfront.net/region2/pl/111132/service_photos/0c668fdb7330450d890568c8ef9106c2.jpeg → pending (?ms, ?B)
[2026-03-27T19:36:53.846Z] GET https://d375139ucebi94.cloudfront.net/region2/pl/111132/service_photos/714165156b1943dd9a556ecea1902efa.jpeg → pending (?ms, ?B)
[2026-03-27T19:36:53.846Z] GET https://d375139ucebi94.cloudfront.net/region2/pl/111132/service_photos/e6b0d5e0ded444a6b126c7e2fc7c8f0f.jpeg → pending (?ms, ?B)
[2026-03-27T19:36:53.846Z] GET https://d375139ucebi94.cloudfront.net/region2/pl/111132/service_photos/6893bde35d9b4a7eac87f9470c382c54.jpeg → pending (?ms, ?B)
[2026-03-27T19:36:53.846Z] GET https://d375139ucebi94.cloudfront.net/region2/pl/111132/service_photos/c3fd4b23fe03455c8c070d8aa3d4983e.jpeg → pending (?ms, ?B)
[2026-03-27T19:36:53.846Z] GET https://d375139ucebi94.cloudfront.net/region2/pl/111132/service_photos/e242720505844c40a98f40c96b0e44b5.jpeg → pending (?ms, ?B)
[2026-03-27T19:36:53.846Z] GET https://d375139ucebi94.cloudfront.net/region2/pl/111132/service_photos/ea4a0d00a43348bd9e7e439d932910b3.jpeg → pending (?ms, ?B)
[2026-03-27T19:36:53.846Z] GET https://d375139ucebi94.cloudfront.net/region2/pl/111132/service_photos/74fe151e29de4bc186834167415b9492.jpeg → pending (?ms, ?B)
[2026-03-27T19:36:53.846Z] GET https://d375139ucebi94.cloudfront.net/region2/pl/111132/service_photos/b853a791216c43cdac115450e3e6354a.jpeg → pending (?ms, ?B)
[2026-03-27T19:36:53.846Z] GET https://d375139ucebi94.cloudfront.net/region2/pl/111132/service_photos/0e0aed6db721473d8a419e72b1731590.jpeg → pending (?ms, ?B)
[2026-03-27T19:36:53.846Z] GET https://d375139ucebi94.cloudfront.net/region2/pl/111132/service_photos/18b83ac804724592a2904942dc96df2d.jpeg → pending (?ms, ?B)
[2026-03-27T19:36:53.846Z] GET https://d375139ucebi94.cloudfront.net/region2/pl/111132/service_photos/904595ffd9ca44e88e3e436d8c3c4ae0.jpeg → pending (?ms, ?B)
[2026-03-27T19:36:53.846Z] GET https://d375139ucebi94.cloudfront.net/region2/pl/111132/service_photos/33469b72802b4d0d9f3633b7a83082d3.jpeg → pending (?ms, ?B)
[2026-03-27T19:36:53.846Z] GET https://d375139ucebi94.cloudfront.net/region2/pl/111132/service_photos/014d2521467f46669320264f9e7e2898.jpeg → pending (?ms, ?B)
[2026-03-27T19:36:53.846Z] GET https://d375139ucebi94.cloudfront.net/region2/pl/111132/service_photos/65ea877ce0194ed2be19caca91c67eb5.jpeg → pending (?ms, ?B)
[2026-03-27T19:36:53.846Z] GET https://d375139ucebi94.cloudfront.net/region2/pl/111132/service_photos/a0daaa5ecc15406db2e1356c86095af6.jpeg → pending (?ms, ?B)
[2026-03-27T19:36:53.847Z] GET https://d375139ucebi94.cloudfront.net/region2/pl/111132/service_photos/d1950f8b4de847d2b108396caf5b472b.jpeg → pending (?ms, ?B)
[2026-03-27T19:36:53.847Z] GET https://d375139ucebi94.cloudfront.net/region2/pl/111132/service_photos/f936d5831b314cc993f83b01dc37374f.jpeg → pending (?ms, ?B)
[2026-03-27T19:36:53.847Z] GET https://d375139ucebi94.cloudfront.net/region2/pl/111132/service_photos/7f802d0caf7c45948dbe4d198a951e5b.jpeg → pending (?ms, ?B)
[2026-03-27T19:36:53.847Z] GET https://d375139ucebi94.cloudfront.net/region2/pl/111132/service_photos/47f20f7829044953af8d0f95b1f90094.jpeg → pending (?ms, ?B)
[2026-03-27T19:36:53.847Z] GET https://d375139ucebi94.cloudfront.net/region2/pl/111132/service_photos/4eb065c6a80144889ef5c03f6df13f02.jpeg → pending (?ms, ?B)
[2026-03-27T19:36:53.847Z] GET https://d375139ucebi94.cloudfront.net/region2/pl/111132/service_photos/b76c276a79444f579270ae46646882e1.jpeg → pending (?ms, ?B)
[2026-03-27T19:36:53.847Z] GET https://d375139ucebi94.cloudfront.net/region2/pl/111132/service_photos/d365681215c441659cdd6f3a3a5879cc.jpeg → pending (?ms, ?B)
[2026-03-27T19:36:53.847Z] GET https://d375139ucebi94.cloudfront.net/region2/pl/111132/service_photos/e5b3964d4aa147869a8eacd361151672.jpeg → pending (?ms, ?B)
[2026-03-27T19:36:53.847Z] GET https://d375139ucebi94.cloudfront.net/region2/pl/111132/service_photos/1829fbf522cc4976b2cd1878657c2c24.jpeg → pending (?ms, ?B)
[2026-03-27T19:36:53.847Z] GET https://d375139ucebi94.cloudfront.net/region2/pl/111132/service_photos/3143bdc8f32e4508aa56f1624968d3a7.jpeg → pending (?ms, ?B)
[2026-03-27T19:36:53.847Z] GET https://d375139ucebi94.cloudfront.net/region2/pl/111132/service_photos/dfb45776a7e74299976043124d10a363.jpeg → pending (?ms, ?B)
[2026-03-27T19:36:53.847Z] GET https://d375139ucebi94.cloudfront.net/region2/pl/111132/service_photos/8cfe99fd7607400582c71e02028c52b5.jpeg → pending (?ms, ?B)
[2026-03-27T19:36:53.847Z] GET https://d375139ucebi94.cloudfront.net/region2/pl/111132/service_photos/97470a898cc2471189f7c27b1ed12a76.jpeg → pending (?ms, ?B)
[2026-03-27T19:36:53.847Z] GET https://d375139ucebi94.cloudfront.net/region2/pl/111132/logo/9e9b27b3f49d4435a93964de191e50-hey-beauty-2-0-logo-ae2ceccc63b84893a14fd2a640213e-booksy.jpeg?size=50x50 → pending (?ms, ?B)
[2026-03-27T19:36:53.847Z] GET https://d375139ucebi94.cloudfront.net/region2/pl/users/09d2d4a80c0c4e809cb0289816e37c-adfd6c7a5a8a4d7ca9758fd49c8e5b-booksy.jpeg?size=50x50 → pending (?ms, ?B)
[2026-03-27T19:36:53.847Z] GET https://d375139ucebi94.cloudfront.net/region2/pl/users/9e6e64ffb1b84f7ca892c297a39389-382f0a96292e4fdc807a2d2ca20df0-booksy.jpeg?size=50x50 → pending (?ms, ?B)
[2026-03-27T19:36:53.847Z] GET https://d375139ucebi94.cloudfront.net/region2/pl/users/37e963d557c14e58ad5e859aaf345f-83a6241ca8394362b1eba3067a1360-booksy.jpeg?size=50x50 → pending (?ms, ?B)
[2026-03-27T19:36:53.847Z] GET https://d375139ucebi94.cloudfront.net/region2/pl/111132/logo/9e9b27b3f49d4435a93964de191e50-hey-beauty-2-0-logo-ae2ceccc63b84893a14fd2a640213e-booksy.jpeg?size=150x150&size=250x250 → pending (?ms, ?B)
[2026-03-27T19:36:54.502Z] GET https://connect.facebook.net/en_US/fbevents.js → 200 (7ms, 365097B)
[2026-03-27T19:36:54.502Z] GET https://www.googletagmanager.com/gtm.js?id=GTM-5WMDS6F&_=2026-03-27 → 200 (159ms, 723324B)
[2026-03-27T19:36:54.579Z] GET https://dk2h3gy4kn9jw.cloudfront.net/web-2019/1f34442d/fonts/proximanova-regular-webfont.25139e1.woff2 → pending (?ms, ?B)
[2026-03-27T19:36:54.579Z] GET https://dk2h3gy4kn9jw.cloudfront.net/web-2019/1f34442d/fonts/proximanova-semibold-webfont.998f069.woff2 → pending (?ms, ?B)
[2026-03-27T19:36:54.579Z] GET https://dk2h3gy4kn9jw.cloudfront.net/web-2019/1f34442d/fonts/proximanova-light-webfont.79b2cc3.woff2 → pending (?ms, ?B)
[2026-03-27T19:36:54.780Z] GET https://dk2h3gy4kn9jw.cloudfront.net/web-2019/1f34442d/aefbd20.js → 200 (79ms, 113195B)
[2026-03-27T19:36:54.828Z] GET https://consent.cookiebot.com/uc.js?cbid=808f644f-08f1-406e-88fa-635d5c349664&implementation=gtm&consentmode-dataredaction=dynamic&georegions=%7B%27region%27%3A%27BR%27%2C%27cbid%27%3A%272aa47016-2a34-48eb-9cfe-7f0ccfcc9c2f%27%7D%2C%7B%27region%27%3A%27US-06%27%2C%27cbid%27%3A%27390dbd16-cbe2-471c-88d5-5cf0798d9bd4%27%7D → pending (?ms, ?B)
[2026-03-27T19:36:54.828Z] GET https://www.googletagmanager.com/gtag/js?id=G-CBN3D8S29F&cx=c&gtm=4e63p1 → pending (?ms, ?B)
[2026-03-27T19:36:54.828Z] GET https://websdk.appsflyersdk.com/?st=banners,pba& → pending (?ms, ?B)
[2026-03-27T19:36:54.828Z] POST https://pagead2.googlesyndication.com/ccm/collect?frm=0&ae=g&en=page_view&dl=https%3A%2F%2Fbooksy.com%2Fpl-pl%2F111132_hey-beauty-2-0_salon-kosmetyczny_8820_krakow&scrsrc=www.googletagmanager.com&rnd=1296246383.1774640215&navt=n&npa=1&ep.ads_data_redaction=1&gdid=dMWZhNz&_tu=CA&gtm=45He63p1v811759813za200zd811759813xea&gcs=G100&gcd=13p3p3p2p5l1&dma_cps=-&dma=1&tag_exp=0~115938465~115938468~117266400~117384405~117484252&apve=1&apvf=f&apvc=1&tft=1774640214826&tfd=3698 → pending (?ms, ?B)
[2026-03-27T19:36:54.845Z] POST https://browser-intake-datadoghq.eu/api/v2/rum?ddsource=browser&ddtags=sdk_version%3A5.35.1%2Capi%3Afetch%2Cenv%3Aprod%2Cservice%3Arum-web-customer-2019%2Cversion%3A1.242.0&dd-api-key=pub46de094b8f02e8a51cee21d1bd55836e&dd-evp-origin-version=5.35.1&dd-evp-origin=browser&dd-request-id=d00d334a-dcb7-4dee-8871-c0853db6b242&batch_time=1774640214839 → pending (?ms, ?B)
[2026-03-27T19:36:54.846Z] POST https://browser-intake-datadoghq.eu/api/v2/rum?ddsource=browser&ddtags=sdk_version%3A5.35.1%2Capi%3Afetch%2Cenv%3Aprod%2Cservice%3Arum-web-customer-2019%2Cversion%3A1.242.0&dd-api-key=pub46de094b8f02e8a51cee21d1bd55836e&dd-evp-origin-version=5.35.1&dd-evp-origin=browser&dd-request-id=520bbb4d-28dd-4b31-bc2f-7cb53446c7cd&batch_time=1774640214841 → pending (?ms, ?B)
[2026-03-27T19:36:54.846Z] POST https://browser-intake-datadoghq.eu/api/v2/rum?ddsource=browser&ddtags=sdk_version%3A5.35.1%2Capi%3Afetch%2Cenv%3Aprod%2Cservice%3Arum-web-customer-2019%2Cversion%3A1.242.0&dd-api-key=pub46de094b8f02e8a51cee21d1bd55836e&dd-evp-origin-version=5.35.1&dd-evp-origin=browser&dd-request-id=f5876de4-14c7-491c-b837-3ac6d367abf2&batch_time=1774640214842 → pending (?ms, ?B)
[2026-03-27T19:36:54.847Z] POST https://browser-intake-datadoghq.eu/api/v2/rum?ddsource=browser&ddtags=sdk_version%3A5.35.1%2Capi%3Afetch%2Cenv%3Aprod%2Cservice%3Arum-web-customer-2019%2Cversion%3A1.242.0&dd-api-key=pub46de094b8f02e8a51cee21d1bd55836e&dd-evp-origin-version=5.35.1&dd-evp-origin=browser&dd-request-id=ccf66ffc-fc97-4ecb-8c08-3519e3acc737&batch_time=1774640214843 → pending (?ms, ?B)
[2026-03-27T19:36:54.863Z] GET https://dk2h3gy4kn9jw.cloudfront.net/web-2019/1f34442d/b9a16a9.js → pending (?ms, ?B)
[2026-03-27T19:36:54.865Z] GET https://js.hcaptcha.com/1/api.js?render=explicit&onload=__hCaptchaOnload → pending (?ms, ?B)
[2026-03-27T19:36:54.865Z] GET https://fscdn.eppo.cloud/api/flag-config/v1/config?apiKey=-05ENfZ3cBNVVlyIG4t0tzgrWqP0l_1c_LGexRuK6v0&sdkName=js-client-sdk&sdkVersion=3.0.2 → pending (?ms, ?B)
[2026-03-27T19:36:54.945Z] GET https://consentcdn.cookiebot.com/sdk/bc-v4.min.html → 200 (2ms, 627B)
[2026-03-27T19:36:54.947Z] GET https://consentcdn.cookiebot.com/consentconfig/808f644f-08f1-406e-88fa-635d5c349664/settings.json → 200 (64ms, 644B)
[2026-03-27T19:36:54.948Z] GET https://consent.cookiebot.com/808f644f-08f1-406e-88fa-635d5c349664/cc.js?renew=false&referer=booksy.com&dnt=false&init=false&georegions=%5B%7B%22r%22%3A%22BR%22%2C%22i%22%3A%222aa47016-2a34-48eb-9cfe-7f0ccfcc9c2f%22%7D%2C%7B%22r%22%3A%22US-06%22%2C%22i%22%3A%22390dbd16-cbe2-471c-88d5-5cf0798d9bd4%22%7D%5D → 200 (311ms, 465764B)
[2026-03-27T19:36:54.957Z] POST https://browser-intake-datadoghq.eu/api/v2/rum?ddsource=browser&ddtags=sdk_version%3A5.35.1%2Capi%3Afetch%2Cenv%3Aprod%2Cservice%3Arum-web-customer-2019%2Cversion%3A1.242.0&dd-api-key=pub46de094b8f02e8a51cee21d1bd55836e&dd-evp-origin-version=5.35.1&dd-evp-origin=browser&dd-request-id=766d3404-0618-46be-9e30-9ee07560212d&batch_time=1774640214956 → pending (?ms, ?B)
[2026-03-27T19:36:54.958Z] POST https://browser-intake-datadoghq.eu/api/v2/rum?ddsource=browser&ddtags=sdk_version%3A5.35.1%2Capi%3Axhr%2Cenv%3Aprod%2Cservice%3Arum-web-customer-2019%2Cversion%3A1.242.0&dd-api-key=pub46de094b8f02e8a51cee21d1bd55836e&dd-evp-origin-version=5.35.1&dd-evp-origin=browser&dd-request-id=afd4f3c7-752f-4468-a75d-409fdff126da&batch_time=1774640214957 → pending (?ms, ?B)
[2026-03-27T19:36:55.007Z] POST https://region1.google-analytics.com/g/collect?v=2&tid=G-CBN3D8S29F&gtm=45je63p1v883401451z8811759813za20gzb811759813zd811759813&_p=1774640214491&gcs=G100&gcd=13p3p3p2p5l1&npa=1&dma_cps=-&dma=1&gdid=dMWZhNz&cid=1795155890.1774640215&ul=en-us&sr=1280x720&ir=1&uaa=arm&uab=64&uafvl=Not%253AA-Brand%3B99.0.0.0%7CHeadlessChrome%3B145.0.7632.6%7CChromium%3B145.0.7632.6&uamb=0&uam=&uap=macOS&uapv=26.3.1&uaw=0&are=1&frm=0&pscdl=denied&_prs=wg&_eu=EAAAAGA&_s=1&tag_exp=0~115938465~115938469~116133313~117484252&sid=1774640214&sct=1&seg=0&dl=https%3A%2F%2Fbooksy.com%2Fpl-pl%2F111132_hey-beauty-2-0_salon-kosmetyczny_8820_krakow&dt=HEY%20BEAUTY%202.0%20-%20Krak%C3%B3w%20-%20Zarezerwuj%20Wizyt%C4%99%20Online%20-%20Ceny%2C%20opinie%2C%20zdj%C4%99cia&_tu=CA&en=page_view&_fv=1&_nsi=1&_ss=2&ep.content_group=Business%20profiles&tfd=3856 → 204 (73ms, ?B)
[2026-03-27T19:36:55.905Z] POST https://browser-intake-datadoghq.eu/api/v2/rum?ddsource=browser&ddtags=sdk_version%3A5.35.1%2Capi%3Afetch%2Cenv%3Aprod%2Cservice%3Arum-web-customer-2019%2Cversion%3A1.242.0&dd-api-key=pub46de094b8f02e8a51cee21d1bd55836e&dd-evp-origin-version=5.35.1&dd-evp-origin=browser&dd-request-id=1bcd1e68-64be-44aa-8f96-513cc465cfca&batch_time=1774640215901 → pending (?ms, ?B)
[2026-03-27T19:36:55.906Z] POST https://browser-intake-datadoghq.eu/api/v2/rum?ddsource=browser&ddtags=sdk_version%3A5.35.1%2Capi%3Axhr%2Cenv%3Aprod%2Cservice%3Arum-web-customer-2019%2Cversion%3A1.242.0&dd-api-key=pub46de094b8f02e8a51cee21d1bd55836e&dd-evp-origin-version=5.35.1&dd-evp-origin=browser&dd-request-id=760ee9b4-64cf-4383-8942-d8fbd4e7aad6&batch_time=1774640215902 → 202 (92ms, 53B)
[2026-03-27T19:36:55.907Z] GET https://wa.onelink.me/v1/onelink → 200 (755ms, 13B)
[2026-03-27T19:36:55.912Z] POST https://browser-intake-datadoghq.eu/api/v2/rum?ddsource=browser&ddtags=sdk_version%3A5.35.1%2Capi%3Afetch%2Cenv%3Aprod%2Cservice%3Arum-web-customer-2019%2Cversion%3A1.242.0&dd-api-key=pub46de094b8f02e8a51cee21d1bd55836e&dd-evp-origin-version=5.35.1&dd-evp-origin=browser&dd-request-id=c5c6df76-abb2-4525-bc31-d99b937072d0&batch_time=1774640215911 → pending (?ms, ?B)
[2026-03-27T19:36:55.913Z] POST https://browser-intake-datadoghq.eu/api/v2/rum?ddsource=browser&ddtags=sdk_version%3A5.35.1%2Capi%3Afetch%2Cenv%3Aprod%2Cservice%3Arum-web-customer-2019%2Cversion%3A1.242.0&dd-api-key=pub46de094b8f02e8a51cee21d1bd55836e&dd-evp-origin-version=5.35.1&dd-evp-origin=browser&dd-request-id=735f0590-f06e-4860-a47e-d699559a4676&batch_time=1774640215911 → pending (?ms, ?B)
[2026-03-27T19:36:55.914Z] POST https://browser-intake-datadoghq.eu/api/v2/rum?ddsource=browser&ddtags=sdk_version%3A5.35.1%2Capi%3Axhr%2Cenv%3Aprod%2Cservice%3Arum-web-customer-2019%2Cversion%3A1.242.0&dd-api-key=pub46de094b8f02e8a51cee21d1bd55836e&dd-evp-origin-version=5.35.1&dd-evp-origin=browser&dd-request-id=684c61a8-a468-42b1-b022-3cece5bd60a6&batch_time=1774640215912 → 202 (85ms, 53B)
[2026-03-27T19:36:55.915Z] POST https://browser-intake-datadoghq.eu/api/v2/rum?ddsource=browser&ddtags=sdk_version%3A5.35.1%2Capi%3Axhr%2Cenv%3Aprod%2Cservice%3Arum-web-customer-2019%2Cversion%3A1.242.0&dd-api-key=pub46de094b8f02e8a51cee21d1bd55836e&dd-evp-origin-version=5.35.1&dd-evp-origin=browser&dd-request-id=b0a448cc-b9dc-42c2-a27d-27b92e869305&batch_time=1774640215913 → 202 (88ms, 53B)
[2026-03-27T19:36:56.122Z] GET https://fscdn.eppo.cloud/api/flag-config/v1/config?apiKey=-05ENfZ3cBNVVlyIG4t0tzgrWqP0l_1c_LGexRuK6v0&sdkName=js-client-sdk&sdkVersion=3.0.2 → 200 (17ms, 1274835B)
[2026-03-27T19:36:56.236Z] GET https://survey.survicate.com/workspaces/ad36a809f892895bc5fb0836c95f482d/web_surveys.js → 200 (620ms, 75505B)
[2026-03-27T19:36:56.237Z] GET https://dk2h3gy4kn9jw.cloudfront.net/web-2019/1f34442d/css/24358c6.css → 200 (186ms, 623B)
[2026-03-27T19:36:56.237Z] GET https://dk2h3gy4kn9jw.cloudfront.net/web-2019/1f34442d/3f088c3.js → 200 (189ms, 39217B)
[2026-03-27T19:36:56.237Z] GET https://dk2h3gy4kn9jw.cloudfront.net/web-2019/1f34442d/css/8888249.css → 200 (189ms, 390B)
[2026-03-27T19:36:56.237Z] GET https://dk2h3gy4kn9jw.cloudfront.net/web-2019/1f34442d/95a91fe.js → 200 (189ms, 4166B)
[2026-03-27T19:36:56.237Z] GET https://dk2h3gy4kn9jw.cloudfront.net/web-2019/1f34442d/css/a3c022f.css → 200 (189ms, 24433B)
[2026-03-27T19:36:56.237Z] GET https://dk2h3gy4kn9jw.cloudfront.net/web-2019/1f34442d/9da6a6a.js → 200 (200ms, 41552B)
[2026-03-27T19:36:56.237Z] GET https://dk2h3gy4kn9jw.cloudfront.net/web-2019/1f34442d/css/c940bd2.css → 200 (199ms, 703B)
[2026-03-27T19:36:56.237Z] GET https://dk2h3gy4kn9jw.cloudfront.net/web-2019/1f34442d/539f129.js → 200 (201ms, 2682B)
[2026-03-27T19:36:56.237Z] GET https://dk2h3gy4kn9jw.cloudfront.net/web-2019/1f34442d/css/b2c9f11.css → 200 (199ms, 2708B)
[2026-03-27T19:36:56.237Z] GET https://dk2h3gy4kn9jw.cloudfront.net/web-2019/1f34442d/9d42e1b.js → 200 (201ms, 6134B)
[2026-03-27T19:36:56.237Z] GET https://dk2h3gy4kn9jw.cloudfront.net/web-2019/1f34442d/css/864b11f.css → 200 (200ms, 7201B)
[2026-03-27T19:36:56.237Z] GET https://dk2h3gy4kn9jw.cloudfront.net/web-2019/1f34442d/47d2cd2.js → 200 (204ms, 51823B)
[2026-03-27T19:36:56.237Z] GET https://dk2h3gy4kn9jw.cloudfront.net/web-2019/1f34442d/css/fcbf058.css → 200 (200ms, 12731B)
[2026-03-27T19:36:56.238Z] GET https://dk2h3gy4kn9jw.cloudfront.net/web-2019/1f34442d/e821074.js → 200 (203ms, 59902B)
[2026-03-27T19:36:56.238Z] GET https://dk2h3gy4kn9jw.cloudfront.net/web-2019/1f34442d/css/90403e6.css → 200 (201ms, 215B)
[2026-03-27T19:36:56.238Z] GET https://dk2h3gy4kn9jw.cloudfront.net/web-2019/1f34442d/abc008c.js → 200 (202ms, 2134B)
[2026-03-27T19:36:56.238Z] GET https://dk2h3gy4kn9jw.cloudfront.net/web-2019/1f34442d/css/8eb744f.css → 200 (201ms, 256B)
[2026-03-27T19:36:56.238Z] GET https://dk2h3gy4kn9jw.cloudfront.net/web-2019/1f34442d/a071224.js → 200 (203ms, 3409B)
[2026-03-27T19:36:56.238Z] GET https://dk2h3gy4kn9jw.cloudfront.net/web-2019/1f34442d/css/303f320.css → 200 (201ms, 5580B)
[2026-03-27T19:36:56.238Z] GET https://dk2h3gy4kn9jw.cloudfront.net/web-2019/1f34442d/1b56d1e.js → 200 (203ms, 23787B)
[2026-03-27T19:36:56.238Z] GET https://dk2h3gy4kn9jw.cloudfront.net/web-2019/1f34442d/css/ba2a2a3.css → 200 (202ms, 1735B)
[2026-03-27T19:36:56.238Z] GET https://dk2h3gy4kn9jw.cloudfront.net/web-2019/1f34442d/afd7960.js → 200 (203ms, 7596B)
[2026-03-27T19:36:56.238Z] GET https://dk2h3gy4kn9jw.cloudfront.net/web-2019/1f34442d/a484ed4.js → 200 (414ms, 309787B)
[2026-03-27T19:36:56.238Z] GET https://dk2h3gy4kn9jw.cloudfront.net/web-2019/1f34442d/css/66f0de1.css → 200 (205ms, 870B)
[2026-03-27T19:36:56.238Z] GET https://dk2h3gy4kn9jw.cloudfront.net/web-2019/1f34442d/a1fb337.js → 200 (207ms, 9573B)
[2026-03-27T19:36:56.239Z] GET https://dk2h3gy4kn9jw.cloudfront.net/web-2019/1f34442d/be816f6.js → 200 (412ms, 25841B)
[2026-03-27T19:36:56.239Z] GET https://dk2h3gy4kn9jw.cloudfront.net/web-2019/1f34442d/css/07f1f4c.css → 200 (205ms, 2731B)
[2026-03-27T19:36:56.239Z] GET https://dk2h3gy4kn9jw.cloudfront.net/web-2019/1f34442d/css/9474008.css → 200 (205ms, 1015B)
[2026-03-27T19:36:56.239Z] GET https://dk2h3gy4kn9jw.cloudfront.net/web-2019/1f34442d/5cb985e.js → 200 (413ms, 5513B)
[2026-03-27T19:36:56.239Z] GET https://dk2h3gy4kn9jw.cloudfront.net/web-2019/1f34442d/css/731b642.css → 200 (406ms, 1433B)
[2026-03-27T19:36:56.239Z] GET https://dk2h3gy4kn9jw.cloudfront.net/web-2019/1f34442d/ec26084.js → 200 (413ms, 24114B)
[2026-03-27T19:36:56.239Z] GET https://dk2h3gy4kn9jw.cloudfront.net/web-2019/1f34442d/css/0648599.css → 200 (406ms, 325B)
[2026-03-27T19:36:56.239Z] GET https://dk2h3gy4kn9jw.cloudfront.net/web-2019/1f34442d/72c9a1e.js → 200 (413ms, 13916B)
[2026-03-27T19:36:56.240Z] GET https://dk2h3gy4kn9jw.cloudfront.net/web-2019/1f34442d/a6573d6.js → 200 (412ms, 1295B)
[2026-03-27T19:36:56.240Z] GET https://dk2h3gy4kn9jw.cloudfront.net/web-2019/1f34442d/10bca0e.js → 200 (413ms, 5345B)
[2026-03-27T19:36:56.240Z] GET https://dk2h3gy4kn9jw.cloudfront.net/web-2019/1f34442d/fe34e92.js → 200 (412ms, 279B)
[2026-03-27T19:36:56.240Z] GET https://dk2h3gy4kn9jw.cloudfront.net/web-2019/1f34442d/221c36a.js → 200 (413ms, 570B)
[2026-03-27T19:36:56.273Z] POST https://region1.google-analytics.com/g/collect?v=2&tid=G-CBN3D8S29F&gtm=45je63p1v883401451z8811759813za20gzb811759813zd811759813&_p=1774640214491&gcs=G100&gcd=13p3p3p2p5l1&npa=1&dma_cps=-&dma=1&gdid=dMWZhNz&cid=1795155890.1774640215&ul=en-us&sr=1280x720&ir=1&uaa=arm&uab=64&uafvl=Not%253AA-Brand%3B99.0.0.0%7CHeadlessChrome%3B145.0.7632.6%7CChromium%3B145.0.7632.6&uamb=0&uam=&uap=macOS&uapv=26.3.1&uaw=0&are=1&frm=0&pscdl=denied&_eu=EAAAAGA&_s=2&tag_exp=0~115938465~115938469~116133313~117484252&uid=&sid=1774640214&sct=1&seg=0&dl=https%3A%2F%2Fbooksy.com%2Fpl-pl%2F111132_hey-beauty-2-0_salon-kosmetyczny_8820_krakow&dt=HEY%20BEAUTY%202.0%20-%20Krak%C3%B3w%20-%20Zarezerwuj%20Wizyt%C4%99%20Online%20-%20Ceny%2C%20opinie%2C%20zdj%C4%99cia&_tu=CA&en=Page_View&ep.content_group=Business%20profiles&ep.app_version=1.0.0&ep.device_type=Desktop&ep.country=pl&ep.email=redacted&ep.fingerprint=57da173b-069d-4f6c-bb0e-ae2e39406904&ep.gender_code=R&ep.phone=redacted&ep.user_role=Customer&ep.control_group=false&_et=1269&up.app_version=1.0.0&up.device_type=Desktop&up.country=pl&up.gender_code=R&up.phone=redacted&up.user_role=Customer&up.control_group=false&tfd=5131 → 204 (22ms, ?B)
[2026-03-27T19:36:56.273Z] POST https://region1.google-analytics.com/g/collect?v=2&tid=G-CBN3D8S29F&gtm=45je63p1v883401451z8811759813za20gzb811759813zd811759813&_p=1774640214491&gcs=G100&gcd=13p3p3p2p5l1&npa=1&dma_cps=-&dma=1&gdid=dMWZhNz&cid=1795155890.1774640215&ul=en-us&sr=1280x720&ir=1&uaa=arm&uab=64&uafvl=Not%253AA-Brand%3B99.0.0.0%7CHeadlessChrome%3B145.0.7632.6%7CChromium%3B145.0.7632.6&uamb=0&uam=&uap=macOS&uapv=26.3.1&uaw=0&are=1&frm=0&pscdl=denied&_prs=wg&_eu=EAAAAGA&_s=3&tag_exp=0~115938465~115938469~116133313~117484252&sid=1774640214&sct=1&seg=0&dl=https%3A%2F%2Fbooksy.com%2Fpl-pl%2F111132_hey-beauty-2-0_salon-kosmetyczny_8820_krakow&dt=HEY%20BEAUTY%202.0%20-%20Krak%C3%B3w%20-%20Zarezerwuj%20Wizyt%C4%99%20Online%20-%20Ceny%2C%20opinie%2C%20zdj%C4%99cia&_tu=CA&uid=&en=Experiment_Action&_c=1&ep.content_group=Business%20profiles&ep.email=redacted&ep.fingerprint=57da173b-069d-4f6c-bb0e-ae2e39406904&ep.screen_name=experiment_assignment&ep.event_action=variation_assigned&ep.experiment_name=Feature_Survicate-allocation-88534&ep.assignment_timestamp=2026-03-27T19%3A36%3A56.183Z&ep.variation=true&ep.subject=57da173b-069d-4f6c-bb0e-ae2e39406904&ep.subject_type=fingerprint&ep.app_domain=customer&ep.country=pl&_et=3&tfd=5131 → 204 (22ms, ?B)
[2026-03-27T19:36:56.273Z] POST https://region1.google-analytics.com/g/collect?v=2&tid=G-CBN3D8S29F&gtm=45je63p1v883401451z8811759813za20gzb811759813zd811759813&_p=1774640214491&gcs=G100&gcd=13p3p3p2p5l1&npa=1&dma_cps=-&dma=1&gdid=dMWZhNz&cid=1795155890.1774640215&ul=en-us&sr=1280x720&ir=1&uaa=arm&uab=64&uafvl=Not%253AA-Brand%3B99.0.0.0%7CHeadlessChrome%3B145.0.7632.6%7CChromium%3B145.0.7632.6&uamb=0&uam=&uap=macOS&uapv=26.3.1&uaw=0&are=1&frm=0&pscdl=denied&_prs=wg&_eu=EAAAAGA&_s=4&tag_exp=0~115938465~115938469~116133313~117484252&sid=1774640214&sct=1&seg=0&dl=https%3A%2F%2Fbooksy.com%2Fpl-pl%2F111132_hey-beauty-2-0_salon-kosmetyczny_8820_krakow&dt=HEY%20BEAUTY%202.0%20-%20Krak%C3%B3w%20-%20Zarezerwuj%20Wizyt%C4%99%20Online%20-%20Ceny%2C%20opinie%2C%20zdj%C4%99cia&_tu=CA&uid=&en=Experiment_Action&_c=1&ep.content_group=Business%20profiles&ep.email=redacted&ep.fingerprint=57da173b-069d-4f6c-bb0e-ae2e39406904&ep.screen_name=experiment_assignment&ep.event_action=variation_assigned&ep.experiment_name=Feature_S4UBusinessesGallery-allocation-50152&ep.assignment_timestamp=2026-03-27T19%3A36%3A56.201Z&ep.variation=true&ep.subject=57da173b-069d-4f6c-bb0e-ae2e39406904&ep.subject_type=fingerprint&ep.app_domain=customer&ep.country=pl&_et=4&tfd=5135 → 204 (30ms, ?B)
[2026-03-27T19:36:56.274Z] POST https://region1.google-analytics.com/g/collect?v=2&tid=G-CBN3D8S29F&gtm=45je63p1v883401451z8811759813za20gzb811759813zd811759813&_p=1774640214491&gcs=G100&gcd=13p3p3p2p5l1&npa=1&dma_cps=-&dma=1&gdid=dMWZhNz&cid=1795155890.1774640215&ul=en-us&sr=1280x720&ir=1&uaa=arm&uab=64&uafvl=Not%253AA-Brand%3B99.0.0.0%7CHeadlessChrome%3B145.0.7632.6%7CChromium%3B145.0.7632.6&uamb=0&uam=&uap=macOS&uapv=26.3.1&uaw=0&are=1&frm=0&pscdl=denied&_eu=EAAAAGA&_s=5&tag_exp=0~115938465~115938469~116133313~117484252&uid=&sid=1774640214&sct=1&seg=0&dl=https%3A%2F%2Fbooksy.com%2Fpl-pl%2F111132_hey-beauty-2-0_salon-kosmetyczny_8820_krakow&dt=HEY%20BEAUTY%202.0%20-%20Krak%C3%B3w%20-%20Zarezerwuj%20Wizyt%C4%99%20Online%20-%20Ceny%2C%20opinie%2C%20zdj%C4%99cia&_tu=CA&en=Customer_Business_Profile_Action&ep.content_group=Business%20profiles&ep.app_version=1.0.0&ep.device_type=Desktop&ep.email=redacted&ep.phone=redacted&ep.user_role=Customer&ep.fingerprint=57da173b-069d-4f6c-bb0e-ae2e39406904&ep.screen_name=business_profile&ep.event_action=view_opened&ep.business_id=pl-111132&ep.click_source=Undefined&ep.traffic_source=&ep.traffic_channel=&ep.traffic_initial_referrer=&ep.filtering_by_staffer=&_et=3&tfd=5143 → 204 (37ms, ?B)
[2026-03-27T19:36:56.274Z] POST https://region1.google-analytics.com/g/collect?v=2&tid=G-CBN3D8S29F&gtm=45je63p1v883401451z8811759813za20gzb811759813zd811759813&_p=1774640214491&gcs=G100&gcd=13p3p3p2p5l1&npa=1&dma_cps=-&dma=1&gdid=dMWZhNz&cid=1795155890.1774640215&ul=en-us&sr=1280x720&ir=1&uaa=arm&uab=64&uafvl=Not%253AA-Brand%3B99.0.0.0%7CHeadlessChrome%3B145.0.7632.6%7CChromium%3B145.0.7632.6&uamb=0&uam=&uap=macOS&uapv=26.3.1&uaw=0&are=1&frm=0&pscdl=denied&_prs=wg&_eu=EAAAAGA&_s=6&tag_exp=0~115938465~115938469~116133313~117484252&sid=1774640214&sct=1&seg=0&dl=https%3A%2F%2Fbooksy.com%2Fpl-pl%2F111132_hey-beauty-2-0_salon-kosmetyczny_8820_krakow&dt=HEY%20BEAUTY%202.0%20-%20Krak%C3%B3w%20-%20Zarezerwuj%20Wizyt%C4%99%20Online%20-%20Ceny%2C%20opinie%2C%20zdj%C4%99cia&_tu=CA&uid=&en=Experiment_Action&_c=1&ep.content_group=Business%20profiles&ep.email=redacted&ep.fingerprint=57da173b-069d-4f6c-bb0e-ae2e39406904&ep.screen_name=experiment_assignment&ep.event_action=variation_assigned&ep.business_id=pl-111132&ep.experiment_name=Feature_NethoneEnabled-allocation-25973&ep.assignment_timestamp=2026-03-27T19%3A36%3A56.214Z&ep.variation=false&ep.subject=57da173b-069d-4f6c-bb0e-ae2e39406904&ep.subject_type=fingerprint&ep.app_domain=customer&ep.country=pl&_et=3&tfd=5144 → 204 (44ms, ?B)
[2026-03-27T19:36:56.298Z] POST https://browser-intake-datadoghq.eu/api/v2/rum?ddsource=browser&ddtags=sdk_version%3A5.35.1%2Capi%3Afetch%2Cenv%3Aprod%2Cservice%3Arum-web-customer-2019%2Cversion%3A1.242.0&dd-api-key=pub46de094b8f02e8a51cee21d1bd55836e&dd-evp-origin-version=5.35.1&dd-evp-origin=browser&dd-request-id=af343477-56f0-4be5-8881-44ff23c4fe90&batch_time=1774640216297 → 202 (104ms, 53B)
[2026-03-27T19:36:56.443Z] GET https://dk2h3gy4kn9jw.cloudfront.net/web-2019/1f34442d/9ff70a5.js → 200 (212ms, 576B)
[2026-03-27T19:36:56.637Z] GET https://dk2h3gy4kn9jw.cloudfront.net/web-2019/1f34442d/css/084b1dd.css → 200 (9ms, 6671B)
[2026-03-27T19:36:56.638Z] GET https://dk2h3gy4kn9jw.cloudfront.net/web-2019/1f34442d/53bc059.js → 200 (17ms, 7514B)
[2026-03-27T19:36:56.638Z] GET https://dk2h3gy4kn9jw.cloudfront.net/web-2019/1f34442d/dd25a51.js → 200 (17ms, 470B)
[2026-03-27T19:36:56.638Z] GET https://dk2h3gy4kn9jw.cloudfront.net/web-2019/1f34442d/1835353.js → 200 (18ms, 584218B)
[2026-03-27T19:36:56.638Z] GET https://dk2h3gy4kn9jw.cloudfront.net/web-2019/1f34442d/css/fdd90b4.css → 200 (8ms, 311B)
[2026-03-27T19:36:56.638Z] GET https://dk2h3gy4kn9jw.cloudfront.net/web-2019/1f34442d/d3188c1.js → 200 (17ms, 2129B)
[2026-03-27T19:36:56.638Z] GET https://dk2h3gy4kn9jw.cloudfront.net/web-2019/1f34442d/css/1cbab07.css → 200 (8ms, 2846B)
[2026-03-27T19:36:56.638Z] GET https://dk2h3gy4kn9jw.cloudfront.net/web-2019/1f34442d/f849193.js → 200 (18ms, 5425B)
[2026-03-27T19:36:56.638Z] GET https://dk2h3gy4kn9jw.cloudfront.net/web-2019/1f34442d/4de93d7.js → 200 (18ms, 48371B)
[2026-03-27T19:36:56.639Z] GET https://dk2h3gy4kn9jw.cloudfront.net/web-2019/1f34442d/css/a1bf4ee.css → 200 (7ms, 2429B)
[2026-03-27T19:36:56.639Z] GET https://dk2h3gy4kn9jw.cloudfront.net/web-2019/1f34442d/7a41a2b.js → 200 (17ms, 5482B)
[2026-03-27T19:36:56.639Z] GET https://dk2h3gy4kn9jw.cloudfront.net/web-2019/1f34442d/css/a824257.css → 200 (8ms, 939B)
[2026-03-27T19:36:56.639Z] GET https://dk2h3gy4kn9jw.cloudfront.net/web-2019/1f34442d/e239675.js → 200 (17ms, 6774B)
[2026-03-27T19:36:56.639Z] GET https://dk2h3gy4kn9jw.cloudfront.net/web-2019/1f34442d/1fe22cd.js → 200 (17ms, 3789B)
[2026-03-27T19:36:56.639Z] GET https://dk2h3gy4kn9jw.cloudfront.net/web-2019/1f34442d/b1c72ff.js → 200 (18ms, 3529B)
[2026-03-27T19:36:56.640Z] GET https://dk2h3gy4kn9jw.cloudfront.net/web-2019/1f34442d/css/d905994.css → 200 (7ms, 362B)
[2026-03-27T19:36:56.640Z] GET https://dk2h3gy4kn9jw.cloudfront.net/web-2019/1f34442d/b2f47f3.js → 200 (18ms, 990B)
[2026-03-27T19:36:56.640Z] GET https://dk2h3gy4kn9jw.cloudfront.net/web-2019/1f34442d/3f60750.js → 200 (17ms, 368B)
[2026-03-27T19:36:56.640Z] POST https://region1.google-analytics.com/g/collect?v=2&tid=G-CBN3D8S29F&gtm=45je63p1v883401451z8811759813za20gzb811759813zd811759813&_p=1774640214491&gcs=G100&gcd=13p3p3p2p5l1&npa=1&dma_cps=-&dma=1&gdid=dMWZhNz&cid=1795155890.1774640215&ul=en-us&sr=1280x720&ir=1&uaa=arm&uab=64&uafvl=Not%253AA-Brand%3B99.0.0.0%7CHeadlessChrome%3B145.0.7632.6%7CChromium%3B145.0.7632.6&uamb=0&uam=&uap=macOS&uapv=26.3.1&uaw=0&are=1&frm=0&pscdl=denied&_prs=wg&_eu=EAAAAGA&_s=7&tag_exp=0~115938465~115938469~116133313~117484252&sid=1774640214&sct=1&seg=0&dl=https%3A%2F%2Fbooksy.com%2Fpl-pl%2F111132_hey-beauty-2-0_salon-kosmetyczny_8820_krakow&dt=HEY%20BEAUTY%202.0%20-%20Krak%C3%B3w%20-%20Zarezerwuj%20Wizyt%C4%99%20Online%20-%20Ceny%2C%20opinie%2C%20zdj%C4%99cia&_tu=CA&uid=&en=Experiment_Action&_c=1&ep.content_group=Business%20profiles&ep.email=redacted&ep.fingerprint=57da173b-069d-4f6c-bb0e-ae2e39406904&ep.screen_name=experiment_assignment&ep.event_action=variation_assigned&ep.business_id=pl-111132&ep.experiment_name=Feature_BooksyPayKlarnaImplementationFlag-allocation-60779&ep.assignment_timestamp=2026-03-27T19%3A36%3A56.462Z&ep.variation=true&ep.subject=57da173b-069d-4f6c-bb0e-ae2e39406904&ep.subject_type=fingerprint&ep.app_domain=customer&ep.country=pl&_et=194&tfd=5339 → 204 (15ms, ?B)
[2026-03-27T19:36:56.640Z] POST https://region1.google-analytics.com/g/collect?v=2&tid=G-CBN3D8S29F&gtm=45je63p1v883401451z8811759813za20gzb811759813zd811759813&_p=1774640214491&gcs=G100&gcd=13p3p3p2p5l1&npa=1&dma_cps=-&dma=1&gdid=dMWZhNz&cid=1795155890.1774640215&ul=en-us&sr=1280x720&ir=1&uaa=arm&uab=64&uafvl=Not%253AA-Brand%3B99.0.0.0%7CHeadlessChrome%3B145.0.7632.6%7CChromium%3B145.0.7632.6&uamb=0&uam=&uap=macOS&uapv=26.3.1&uaw=0&are=1&frm=0&pscdl=denied&_prs=wg&_eu=EAAAAGA&_s=8&tag_exp=0~115938465~115938469~116133313~117484252&sid=1774640214&sct=1&seg=0&dl=https%3A%2F%2Fbooksy.com%2Fpl-pl%2F111132_hey-beauty-2-0_salon-kosmetyczny_8820_krakow&dt=HEY%20BEAUTY%202.0%20-%20Krak%C3%B3w%20-%20Zarezerwuj%20Wizyt%C4%99%20Online%20-%20Ceny%2C%20opinie%2C%20zdj%C4%99cia&_tu=CA&uid=&en=Experiment_Action&_c=1&ep.content_group=Business%20profiles&ep.email=redacted&ep.fingerprint=57da173b-069d-4f6c-bb0e-ae2e39406904&ep.screen_name=experiment_assignment&ep.event_action=variation_assigned&ep.business_id=pl-111132&ep.experiment_name=Feature_ReviewsPhotosGallery-allocation-64672&ep.assignment_timestamp=2026-03-27T19%3A36%3A56.473Z&ep.variation=true&ep.subject=57da173b-069d-4f6c-bb0e-ae2e39406904&ep.subject_type=fingerprint&ep.app_domain=customer&ep.country=pl&_et=10&tfd=5349 → 204 (18ms, ?B)
[2026-03-27T19:36:56.640Z] GET https://dk2h3gy4kn9jw.cloudfront.net/web-2019/1f34442d/css/ad670c8.css → 200 (8ms, 7223B)
[2026-03-27T19:36:56.641Z] GET https://dk2h3gy4kn9jw.cloudfront.net/web-2019/1f34442d/0a8f419.js → 200 (19ms, 19879B)
[2026-03-27T19:36:56.641Z] POST https://region1.google-analytics.com/g/collect?v=2&tid=G-CBN3D8S29F&gtm=45je63p1v883401451z8811759813za20gzb811759813zd811759813&_p=1774640214491&gcs=G100&gcd=13p3p3p2p5l1&npa=1&dma_cps=-&dma=1&gdid=dMWZhNz&cid=1795155890.1774640215&ul=en-us&sr=1280x720&ir=1&uaa=arm&uab=64&uafvl=Not%253AA-Brand%3B99.0.0.0%7CHeadlessChrome%3B145.0.7632.6%7CChromium%3B145.0.7632.6&uamb=0&uam=&uap=macOS&uapv=26.3.1&uaw=0&are=1&frm=0&pscdl=denied&_prs=wg&_eu=EAAAAGA&_s=9&tag_exp=0~115938465~115938469~116133313~117484252&sid=1774640214&sct=1&seg=0&dl=https%3A%2F%2Fbooksy.com%2Fpl-pl%2F111132_hey-beauty-2-0_salon-kosmetyczny_8820_krakow&dt=HEY%20BEAUTY%202.0%20-%20Krak%C3%B3w%20-%20Zarezerwuj%20Wizyt%C4%99%20Online%20-%20Ceny%2C%20opinie%2C%20zdj%C4%99cia&_tu=CA&uid=&en=Experiment_Action&_c=1&ep.content_group=Business%20profiles&ep.email=redacted&ep.fingerprint=57da173b-069d-4f6c-bb0e-ae2e39406904&ep.screen_name=experiment_assignment&ep.event_action=variation_assigned&ep.business_id=pl-111132&ep.experiment_name=Feature_ReviewsFiltersAndSorting-allocation-79882&ep.assignment_timestamp=2026-03-27T19%3A36%3A56.479Z&ep.variation=true&ep.subject=57da173b-069d-4f6c-bb0e-ae2e39406904&ep.subject_type=fingerprint&ep.app_domain=customer&ep.country=pl&_et=5&tfd=5361 → 204 (17ms, ?B)
[2026-03-27T19:36:56.643Z] GET https://dk2h3gy4kn9jw.cloudfront.net/web-2019/1f34442d/css/60de72a.css → 200 (5ms, 10088B)
[2026-03-27T19:36:56.643Z] GET https://dk2h3gy4kn9jw.cloudfront.net/web-2019/1f34442d/dacc053.js → 200 (16ms, 14546B)
[2026-03-27T19:36:56.643Z] GET https://dk2h3gy4kn9jw.cloudfront.net/web-2019/1f34442d/css/493da03.css → 200 (5ms, 3620B)
[2026-03-27T19:36:56.643Z] GET https://dk2h3gy4kn9jw.cloudfront.net/web-2019/1f34442d/5b4fead.js → 200 (17ms, 8853B)
[2026-03-27T19:36:56.643Z] GET https://dk2h3gy4kn9jw.cloudfront.net/web-2019/1f34442d/css/1a3593b.css → 200 (6ms, 11344B)
[2026-03-27T19:36:56.643Z] GET https://dk2h3gy4kn9jw.cloudfront.net/web-2019/1f34442d/1adbf14.js → 200 (18ms, 15612B)
[2026-03-27T19:36:56.643Z] GET https://dk2h3gy4kn9jw.cloudfront.net/web-2019/1f34442d/css/9459842.css → 200 (6ms, 2019B)
[2026-03-27T19:36:56.643Z] GET https://dk2h3gy4kn9jw.cloudfront.net/web-2019/1f34442d/4a36865.js → 200 (18ms, 15835B)
[2026-03-27T19:36:56.643Z] GET https://dk2h3gy4kn9jw.cloudfront.net/web-2019/1f34442d/css/e6bcbab.css → 200 (6ms, 1214B)
[2026-03-27T19:36:56.643Z] GET https://dk2h3gy4kn9jw.cloudfront.net/web-2019/1f34442d/ef85b17.js → 200 (18ms, 8177B)
[2026-03-27T19:36:56.643Z] GET https://pl.booksy.com/core/v2/customer_api/images/111132/?no_thumbs=true&category=inspiration&page=1&images_per_page=8&comments_size=50 → pending (?ms, ?B)
[2026-03-27T19:36:56.643Z] GET https://dk2h3gy4kn9jw.cloudfront.net/web-2019/1f34442d/css/ea26a3e.css → 200 (7ms, 301B)
[2026-03-27T19:36:56.643Z] GET https://dk2h3gy4kn9jw.cloudfront.net/web-2019/1f34442d/d4b2855.js → 200 (19ms, 1738B)
[2026-03-27T19:36:56.643Z] GET https://dk2h3gy4kn9jw.cloudfront.net/web-2019/1f34442d/a7713f0.js → 200 (19ms, 1119B)
[2026-03-27T19:36:56.644Z] GET https://dk2h3gy4kn9jw.cloudfront.net/web-2019/1f34442d/cd36aaf.js → 200 (18ms, 1042B)
[2026-03-27T19:36:56.644Z] GET https://dk2h3gy4kn9jw.cloudfront.net/web-2019/1f34442d/41937e0.js → 200 (18ms, 1312B)
[2026-03-27T19:36:56.644Z] GET https://pl.booksy.com/core/v2/customer_api/omnibus_consent_content/ → pending (?ms, ?B)
[2026-03-27T19:36:56.644Z] GET https://dk2h3gy4kn9jw.cloudfront.net/web-2019/1f34442d/8cb119c.js → 200 (18ms, 1312B)
[2026-03-27T19:36:56.644Z] GET https://dk2h3gy4kn9jw.cloudfront.net/web-2019/1f34442d/8e8f477.js → 200 (18ms, 430B)
[2026-03-27T19:36:56.644Z] GET https://dk2h3gy4kn9jw.cloudfront.net/web-2019/1f34442d/f800767.js → 200 (19ms, 373B)
[2026-03-27T19:36:56.644Z] GET https://dk2h3gy4kn9jw.cloudfront.net/web-2019/1f34442d/css/4852503.css → 200 (6ms, 286B)
[2026-03-27T19:36:56.644Z] GET https://dk2h3gy4kn9jw.cloudfront.net/web-2019/1f34442d/f6df8b1.js → 200 (19ms, 894B)
[2026-03-27T19:36:56.644Z] POST https://region1.google-analytics.com/g/collect?v=2&tid=G-CBN3D8S29F&gtm=45je63p1v883401451z8811759813za20gzb811759813zd811759813&_p=1774640214491&gcs=G100&gcd=13p3p3p2p5l1&npa=1&dma_cps=-&dma=1&gdid=dMWZhNz&cid=1795155890.1774640215&ul=en-us&sr=1280x720&ir=1&uaa=arm&uab=64&uafvl=Not%253AA-Brand%3B99.0.0.0%7CHeadlessChrome%3B145.0.7632.6%7CChromium%3B145.0.7632.6&uamb=0&uam=&uap=macOS&uapv=26.3.1&uaw=0&are=1&frm=0&pscdl=denied&_eu=EAAAAGA&_s=10&tag_exp=0~115938465~115938469~116133313~117484252&uid=&sid=1774640214&sct=1&seg=0&dl=https%3A%2F%2Fbooksy.com%2Fpl-pl%2F111132_hey-beauty-2-0_salon-kosmetyczny_8820_krakow&dt=HEY%20BEAUTY%202.0%20-%20Krak%C3%B3w%20-%20Zarezerwuj%20Wizyt%C4%99%20Online%20-%20Ceny%2C%20opinie%2C%20zdj%C4%99cia&_tu=CA&en=Open_BusinessDetails_Services&ep.content_group=Business%20profiles&ep.app_version=1.0.0&ep.device_type=Desktop&ep.country=pl&ep.email=redacted&ep.fingerprint=57da173b-069d-4f6c-bb0e-ae2e39406904&ep.gender_code=R&ep.phone=redacted&ep.user_role=Customer&ep.control_group=false&ep.business_id=pl-111132&ep.business_primary_category=Skin%20care&ep.business_name=HEY%20BEAUTY%202.0&ep.click_source=Undefined&ep.traffic_channel=&ep.traffic_source=&ep.traffic_initial_referrer=&_et=9&tfd=5417 → 204 (17ms, ?B)
[2026-03-27T19:36:56.644Z] POST https://region1.google-analytics.com/g/collect?v=2&tid=G-CBN3D8S29F&gtm=45je63p1v883401451z8811759813za20gzb811759813zd811759813&_p=1774640214491&gcs=G100&gcd=13p3p3p2p5l1&npa=1&dma_cps=-&dma=1&gdid=dMWZhNz&cid=1795155890.1774640215&ul=en-us&sr=1280x720&ir=1&uaa=arm&uab=64&uafvl=Not%253AA-Brand%3B99.0.0.0%7CHeadlessChrome%3B145.0.7632.6%7CChromium%3B145.0.7632.6&uamb=0&uam=&uap=macOS&uapv=26.3.1&uaw=0&are=1&frm=0&pscdl=denied&_prs=wg&_eu=EAAAAGA&_s=11&tag_exp=0~115938465~115938469~116133313~117484252&sid=1774640214&sct=1&seg=0&dl=https%3A%2F%2Fbooksy.com%2Fpl-pl%2F111132_hey-beauty-2-0_salon-kosmetyczny_8820_krakow&dt=HEY%20BEAUTY%202.0%20-%20Krak%C3%B3w%20-%20Zarezerwuj%20Wizyt%C4%99%20Online%20-%20Ceny%2C%20opinie%2C%20zdj%C4%99cia&_tu=CA&uid=&en=Experiment_Action&_c=1&ep.content_group=Business%20profiles&ep.email=redacted&ep.fingerprint=57da173b-069d-4f6c-bb0e-ae2e39406904&ep.screen_name=experiment_assignment&ep.event_action=variation_assigned&ep.business_id=pl-111132&ep.experiment_name=Feature_Addons-allocation-40325&ep.assignment_timestamp=2026-03-27T19%3A36%3A56.541Z&ep.variation=true&ep.subject=57da173b-069d-4f6c-bb0e-ae2e39406904&ep.subject_type=fingerprint&ep.app_domain=customer&ep.country=pl&_et=46&tfd=5418 → 204 (18ms, ?B)
[2026-03-27T19:36:56.645Z] GET https://dk2h3gy4kn9jw.cloudfront.net/web-2019/1f34442d/css/7685ebb.css → 200 (5ms, 3643B)
[2026-03-27T19:36:56.645Z] GET https://dk2h3gy4kn9jw.cloudfront.net/web-2019/1f34442d/6e6b125.js → 200 (19ms, 423B)
[2026-03-27T19:36:56.645Z] GET https://dk2h3gy4kn9jw.cloudfront.net/web-2019/1f34442d/2b1005b.js → 200 (147ms, 714B)
[2026-03-27T19:36:56.645Z] GET https://dk2h3gy4kn9jw.cloudfront.net/web-2019/1f34442d/538278e.js → 200 (147ms, 926B)
[2026-03-27T19:36:56.645Z] GET https://pl.booksy.com/core/v2/customer_api/businesses/111132/safety_rules/ → pending (?ms, ?B)
[2026-03-27T19:36:56.767Z] GET https://d375139ucebi94.cloudfront.net/region2/pl/111132/biz_photo/a56db6b9874d402682bb9a3abe788b-hey-beauty-2-0-biz-photo-c52d60308d80422b9e7696b4466f1d-booksy.jpeg?size=640x427 → 200 (24ms, 27678B)
[2026-03-27T19:36:56.767Z] GET https://d375139ucebi94.cloudfront.net/region2/pl/111132/logo/9e9b27b3f49d4435a93964de191e50-hey-beauty-2-0-logo-ae2ceccc63b84893a14fd2a640213e-booksy.jpeg?size=150x150 → 200 (24ms, 1872B)
[2026-03-27T19:36:56.769Z] POST https://wa.appsflyersdk.com/events?site-id=b6467cfc-a411-4d5b-8967-3cd3eff2e386 → pending (?ms, ?B)
[2026-03-27T19:36:56.811Z] GET https://js.stripe.com/v3 → 200 (73ms, ?B)
[2026-03-27T19:36:56.840Z] GET https://dk2h3gy4kn9jw.cloudfront.net/web-2019/1f34442d/css/4543e70.css → 200 (18ms, 1435B)
[2026-03-27T19:36:56.840Z] GET https://dk2h3gy4kn9jw.cloudfront.net/web-2019/1f34442d/css/f57f0c3.css → 200 (18ms, 430B)
[2026-03-27T19:36:56.840Z] GET https://dk2h3gy4kn9jw.cloudfront.net/web-2019/1f34442d/84814a8.js → 200 (21ms, 16949B)
[2026-03-27T19:36:56.840Z] GET https://dk2h3gy4kn9jw.cloudfront.net/web-2019/1f34442d/ae5ad32.js → 200 (21ms, 396B)
[2026-03-27T19:36:56.840Z] GET https://dk2h3gy4kn9jw.cloudfront.net/web-2019/1f34442d/ec2350b.js → 200 (22ms, 369B)
[2026-03-27T19:36:56.858Z] GET https://surveys-static-prd.survicate-cdn.com/fonts/fonts.css → pending (?ms, ?B)
[2026-03-27T19:36:56.858Z] GET https://surveys-static-prd.survicate-cdn.com/widget_core-28.21.4.js → pending (?ms, ?B)
[2026-03-27T19:36:56.862Z] GET https://dk2h3gy4kn9jw.cloudfront.net/web-2019/1f34442d/969a8f5.js → pending (?ms, ?B)
[2026-03-27T19:36:56.883Z] GET https://dk2h3gy4kn9jw.cloudfront.net/web-2019/1f34442d/img/fb.f1f07b1.png → pending (?ms, ?B)
[2026-03-27T19:36:56.883Z] GET https://dk2h3gy4kn9jw.cloudfront.net/web-2019/1f34442d/img/right.325d258.png → pending (?ms, ?B)
[2026-03-27T19:36:56.883Z] GET https://dk2h3gy4kn9jw.cloudfront.net/web-2019/1f34442d/img/twitter.9736f3c.png → pending (?ms, ?B)
[2026-03-27T19:36:56.883Z] GET https://dk2h3gy4kn9jw.cloudfront.net/web-2019/1f34442d/img/copy.a138145.png → pending (?ms, ?B)
[2026-03-27T19:36:56.883Z] POST https://region1.google-analytics.com/g/collect?v=2&tid=G-CBN3D8S29F&gtm=45je63p1v883401451z8811759813za20gzb811759813zd811759813&_p=1774640214491&gcs=G100&gcd=13p3p3p2p5l1&npa=1&dma_cps=-&dma=1&gdid=dMWZhNz&cid=1795155890.1774640215&ul=en-us&sr=1280x720&ir=1&uaa=arm&uab=64&uafvl=Not%253AA-Brand%3B99.0.0.0%7CHeadlessChrome%3B145.0.7632.6%7CChromium%3B145.0.7632.6&uamb=0&uam=&uap=macOS&uapv=26.3.1&uaw=0&are=1&frm=0&pscdl=denied&_eu=EAAAAGA&_s=12&tag_exp=0~115938465~115938469~116133313~117484252&uid=&sid=1774640214&sct=1&seg=0&dl=https%3A%2F%2Fbooksy.com%2Fpl-pl%2F111132_hey-beauty-2-0_salon-kosmetyczny_8820_krakow&dt=HEY%20BEAUTY%202.0%20-%20Krak%C3%B3w%20-%20Zarezerwuj%20Wizyt%C4%99%20Online%20-%20Ceny%2C%20opinie%2C%20zdj%C4%99cia&_tu=CA&en=Business_Viewed&ep.content_group=Business%20profiles&ep.app_version=1.0.0&ep.device_type=Desktop&ep.country=pl&ep.email=redacted&ep.fingerprint=57da173b-069d-4f6c-bb0e-ae2e39406904&ep.gender_code=R&ep.phone=redacted&ep.user_role=Customer&ep.control_group=false&ep.business_id=pl-111132&ep.business_primary_category=Skin%20care&_et=111&tfd=5749 → pending (?ms, ?B)
[2026-03-27T19:36:56.883Z] POST https://region1.google-analytics.com/g/collect?v=2&tid=G-CBN3D8S29F&gtm=45je63p1v883401451z8811759813za20gzb811759813zd811759813&_p=1774640214491&gcs=G100&gcd=13p3p3p2p5l1&npa=1&dma_cps=-&dma=1&gdid=dMWZhNz&cid=1795155890.1774640215&ul=en-us&sr=1280x720&ir=1&uaa=arm&uab=64&uafvl=Not%253AA-Brand%3B99.0.0.0%7CHeadlessChrome%3B145.0.7632.6%7CChromium%3B145.0.7632.6&uamb=0&uam=&uap=macOS&uapv=26.3.1&uaw=0&are=1&frm=0&pscdl=denied&_prs=wg&_eu=EAAAAGA&_s=13&tag_exp=0~115938465~115938469~116133313~117484252&sid=1774640214&sct=1&seg=0&dl=https%3A%2F%2Fbooksy.com%2Fpl-pl%2F111132_hey-beauty-2-0_salon-kosmetyczny_8820_krakow&dt=HEY%20BEAUTY%202.0%20-%20Krak%C3%B3w%20-%20Zarezerwuj%20Wizyt%C4%99%20Online%20-%20Ceny%2C%20opinie%2C%20zdj%C4%99cia&_tu=CA&uid=&en=Experiment_Action&_c=1&ep.content_group=Business%20profiles&ep.email=redacted&ep.fingerprint=57da173b-069d-4f6c-bb0e-ae2e39406904&ep.screen_name=experiment_assignment&ep.event_action=variation_assigned&ep.business_id=pl-111132&ep.experiment_name=Feature_S4UVisitedLiked-allocation-29860&ep.assignment_timestamp=2026-03-27T19%3A36%3A56.872Z&ep.variation=false&ep.subject=57da173b-069d-4f6c-bb0e-ae2e39406904&ep.subject_type=fingerprint&ep.app_domain=customer&ep.country=pl&_et=219&tfd=5750 → pending (?ms, ?B)
[2026-03-27T19:36:56.884Z] GET https://dk2h3gy4kn9jw.cloudfront.net/web-2019/1f34442d/css/ea90fd2.css → pending (?ms, ?B)
[2026-03-27T19:36:56.884Z] GET https://dk2h3gy4kn9jw.cloudfront.net/web-2019/1f34442d/20d12cc.js → pending (?ms, ?B)
[2026-03-27T19:36:56.943Z] POST https://region1.google-analytics.com/g/collect?v=2&tid=G-CBN3D8S29F&gtm=45je63p1v883401451z8811759813za20gzb811759813zd811759813&_p=1774640214491&gcs=G100&gcd=13p3p3p2p5l1&npa=1&dma_cps=-&dma=1&gdid=dMWZhNz&cid=1795155890.1774640215&ul=en-us&sr=1280x720&ir=1&uaa=arm&uab=64&uafvl=Not%253AA-Brand%3B99.0.0.0%7CHeadlessChrome%3B145.0.7632.6%7CChromium%3B145.0.7632.6&uamb=0&uam=&uap=macOS&uapv=26.3.1&uaw=0&are=1&frm=0&pscdl=denied&_prs=wg&_eu=EAAAAGA&_s=14&tag_exp=0~115938465~115938469~116133313~117484252&sid=1774640214&sct=1&seg=0&dl=https%3A%2F%2Fbooksy.com%2Fpl-pl%2F111132_hey-beauty-2-0_salon-kosmetyczny_8820_krakow&dt=HEY%20BEAUTY%202.0%20-%20Krak%C3%B3w%20-%20Zarezerwuj%20Wizyt%C4%99%20Online%20-%20Ceny%2C%20opinie%2C%20zdj%C4%99cia&_tu=CA&uid=&en=Experiment_Action&_c=1&ep.content_group=Business%20profiles&ep.email=redacted&ep.fingerprint=57da173b-069d-4f6c-bb0e-ae2e39406904&ep.screen_name=experiment_assignment&ep.event_action=variation_assigned&ep.business_id=pl-111132&ep.experiment_name=Feature_S4UBusinessesGalleryGeo-allocation-62499&ep.assignment_timestamp=2026-03-27T19%3A36%3A56.931Z&ep.variation=true&ep.subject=57da173b-069d-4f6c-bb0e-ae2e39406904&ep.subject_type=fingerprint&ep.app_domain=customer&ep.country=pl&_et=62&tfd=5812 → 204 (39ms, ?B)
[2026-03-27T19:36:56.945Z] GET https://dk2h3gy4kn9jw.cloudfront.net/web-2019/1f34442d/css/5f0ec96.css → 200 (36ms, 626B)
[2026-03-27T19:36:56.945Z] GET https://dk2h3gy4kn9jw.cloudfront.net/web-2019/1f34442d/78d3d32.js → 200 (36ms, 12809B)
[2026-03-27T19:36:56.947Z] GET https://pl.booksy.com/core/v2/customer_api/my_booksy/recommended_new/?business_id=111132&trigger_source=business_details → 200 (553ms, 91569B)
[2026-03-27T19:36:56.951Z] GET https://dk2h3gy4kn9jw.cloudfront.net/web-2019/1f34442d/6d6b087.js → 200 (30ms, 1913B)
[2026-03-27T19:36:56.965Z] GET https://d375139ucebi94.cloudfront.net/region2/pl/111132/resource_photos/13d82c396a9e46c29e5cdd52052c2d-hey-beauty-2-0-katarzyna-bcea778837e04f1a8091c9a8bd0df3-booksy.jpeg?size=250x250&size=100x100 → 200 (19ms, 2332B)
[2026-03-27T19:36:56.965Z] GET https://d375139ucebi94.cloudfront.net/region2/pl/111132/resource_photos/c1692776fead43ef903a84f7d8422c-hey-beauty-2-0-ewelina-410f7834cc0c4d529b6413ce4c823d-booksy.jpeg?size=250x250&size=100x100 → 200 (19ms, 2164B)
[2026-03-27T19:36:56.965Z] GET https://d375139ucebi94.cloudfront.net/region2/pl/111132/resource_photos/fbb0b5a078a54ab3b9112efeb33974-hey-beauty-2-0-paulina-a1611b39cc5a46dcb0d8578a8fc8f2-booksy.jpeg?size=250x250&size=100x100 → 200 (19ms, 2038B)
[2026-03-27T19:36:56.965Z] GET https://d375139ucebi94.cloudfront.net/region2/pl/111132/resource_photos/00ba7a379afb4cdda1169232bbcce3-hey-beauty-2-0-anna-3abd4692bd6b45a0a470fcd8f16be4-booksy.jpeg?size=250x250&size=100x100 → 200 (19ms, 2594B)
[2026-03-27T19:36:56.965Z] GET https://d375139ucebi94.cloudfront.net/region2/pl/111132/resource_photos/29c013557b694dddae2c8bb62737d4-hey-beauty-2-0-daria-e195ea5c67db4163bf99419c84de89-booksy.jpeg?size=250x250&size=100x100 → 200 (19ms, 2250B)
[2026-03-27T19:36:56.980Z] GET https://cdn.apple-mapkit.com/mk/5.29.0/images/pins/pin-base.png → pending (?ms, ?B)
[2026-03-27T19:36:56.980Z] GET https://cdn.apple-mapkit.com/mk/5.29.0/images/pins/pin-head.png → pending (?ms, ?B)
[2026-03-27T19:36:56.980Z] GET https://cdn.apple-mapkit.com/mk/5.29.0/images/pins/pin-floating-base.png → pending (?ms, ?B)
[2026-03-27T19:36:56.980Z] GET https://cdn.apple-mapkit.com/mk/5.29.0/images/pins/pin-floating-head.png → pending (?ms, ?B)
[2026-03-27T19:36:56.980Z] GET https://cdn.apple-mapkit.com/mk/5.29.0/images/pins/pin-down1-base.png → pending (?ms, ?B)
[2026-03-27T19:36:56.980Z] GET https://cdn.apple-mapkit.com/mk/5.29.0/images/pins/pin-down1-head.png → pending (?ms, ?B)
[2026-03-27T19:36:56.980Z] GET https://cdn.apple-mapkit.com/mk/5.29.0/images/pins/pin-down2-base.png → pending (?ms, ?B)
[2026-03-27T19:36:56.980Z] GET https://cdn.apple-mapkit.com/mk/5.29.0/images/pins/pin-down2-head.png → pending (?ms, ?B)
[2026-03-27T19:36:56.980Z] GET https://cdn.apple-mapkit.com/mk/5.29.0/images/pins/pin-down3-base.png → pending (?ms, ?B)
[2026-03-27T19:36:56.981Z] GET https://cdn.apple-mapkit.com/mk/5.29.0/images/pins/pin-down3-head.png → pending (?ms, ?B)
[2026-03-27T19:36:56.981Z] GET https://cdn.apple-mapkit.com/mk/5.29.0/images/pins/pin-shadow.png → pending (?ms, ?B)
[2026-03-27T19:36:56.981Z] GET https://cdn.apple-mapkit.com/mk/5.29.0/images/pins/marker-default.png → pending (?ms, ?B)
[2026-03-27T19:36:56.981Z] GET https://cdn.apple-mapkit.com/mk/5.29.0/images/pins/marker-selected.png → pending (?ms, ?B)
[2026-03-27T19:36:56.981Z] GET https://cdn.apple-mapkit.com/mk/5.29.0/images/pins/marker-bubble.png → pending (?ms, ?B)
[2026-03-27T19:36:56.981Z] GET https://pl.booksy.com/core/v2/other/apple_token/?domain=https%3A%2F%2Fbooksy.com → 200 (275ms, 279B)
[2026-03-27T19:36:56.992Z] GET https://pl.booksy.com/core/v2/customer_api/businesses/111132/safety_rules/ → 200 (257ms, 515B)
[2026-03-27T19:36:56.995Z] GET https://dk2h3gy4kn9jw.cloudfront.net/web-2019/1f34442d/a5764a4.js → 200 (37ms, 880B)
[2026-03-27T19:36:57.001Z] GET https://pl.booksy.com/core/v2/customer_api/businesses/111132/review_photos/?page=1&photos_per_page=20 → 200 (270ms, 7854B)
[2026-03-27T19:36:57.004Z] GET https://dk2h3gy4kn9jw.cloudfront.net/web-2019/1f34442d/32d73f8.js → 200 (83ms, 1634B)
[2026-03-27T19:36:57.025Z] GET https://dk2h3gy4kn9jw.cloudfront.net/web-2019/1f34442d/786dafd.js → 200 (62ms, 698B)
[2026-03-27T19:36:57.029Z] GET https://dk2h3gy4kn9jw.cloudfront.net/web-2019/1f34442d/d253413.js → 200 (58ms, 557B)
[2026-03-27T19:36:57.030Z] GET https://dk2h3gy4kn9jw.cloudfront.net/web-2019/1f34442d/67fab2c.js → 200 (82ms, 668B)
[2026-03-27T19:36:57.121Z] POST https://browser-intake-datadoghq.eu/api/v2/rum?ddsource=browser&ddtags=sdk_version%3A5.35.1%2Capi%3Afetch%2Cenv%3Aprod%2Cservice%3Arum-web-customer-2019%2Cversion%3A1.242.0&dd-api-key=pub46de094b8f02e8a51cee21d1bd55836e&dd-evp-origin-version=5.35.1&dd-evp-origin=browser&dd-request-id=f2fa8327-af17-4deb-8281-f32cd226f8f6&batch_time=1774640217115 → 202 (93ms, 53B)
[2026-03-27T19:36:57.121Z] POST https://browser-intake-datadoghq.eu/api/v2/rum?ddsource=browser&ddtags=sdk_version%3A5.35.1%2Capi%3Afetch%2Cenv%3Aprod%2Cservice%3Arum-web-customer-2019%2Cversion%3A1.242.0&dd-api-key=pub46de094b8f02e8a51cee21d1bd55836e&dd-evp-origin-version=5.35.1&dd-evp-origin=browser&dd-request-id=f7c4f451-a8b2-4795-9f11-18831fe3465a&batch_time=1774640217116 → 202 (80ms, 53B)
[2026-03-27T19:36:57.122Z] POST https://browser-intake-datadoghq.eu/api/v2/rum?ddsource=browser&ddtags=sdk_version%3A5.35.1%2Capi%3Afetch%2Cenv%3Aprod%2Cservice%3Arum-web-customer-2019%2Cversion%3A1.242.0&dd-api-key=pub46de094b8f02e8a51cee21d1bd55836e&dd-evp-origin-version=5.35.1&dd-evp-origin=browser&dd-request-id=3e054200-f9ed-446e-b30a-8e56d01cf86e&batch_time=1774640217117 → 202 (90ms, 53B)
[2026-03-27T19:36:57.122Z] POST https://browser-intake-datadoghq.eu/api/v2/rum?ddsource=browser&ddtags=sdk_version%3A5.35.1%2Capi%3Afetch%2Cenv%3Aprod%2Cservice%3Arum-web-customer-2019%2Cversion%3A1.242.0&dd-api-key=pub46de094b8f02e8a51cee21d1bd55836e&dd-evp-origin-version=5.35.1&dd-evp-origin=browser&dd-request-id=66270a8d-b485-4c4f-830d-ffb1c6fcf44c&batch_time=1774640217118 → 202 (82ms, 53B)
[2026-03-27T19:36:57.123Z] POST https://browser-intake-datadoghq.eu/api/v2/rum?ddsource=browser&ddtags=sdk_version%3A5.35.1%2Capi%3Afetch%2Cenv%3Aprod%2Cservice%3Arum-web-customer-2019%2Cversion%3A1.242.0&dd-api-key=pub46de094b8f02e8a51cee21d1bd55836e&dd-evp-origin-version=5.35.1&dd-evp-origin=browser&dd-request-id=dc789475-e0fe-494f-a4a3-1ce6637fa400&batch_time=1774640217119 → pending (?ms, ?B)
[2026-03-27T19:36:57.123Z] POST https://browser-intake-datadoghq.eu/api/v2/rum?ddsource=browser&ddtags=sdk_version%3A5.35.1%2Capi%3Axhr%2Cenv%3Aprod%2Cservice%3Arum-web-customer-2019%2Cversion%3A1.242.0&dd-api-key=pub46de094b8f02e8a51cee21d1bd55836e&dd-evp-origin-version=5.35.1&dd-evp-origin=browser&dd-request-id=fb956b74-f24f-4563-b920-c1bc8fa54687&batch_time=1774640217121 → 202 (91ms, 53B)
[2026-03-27T19:36:57.126Z] GET https://dk2h3gy4kn9jw.cloudfront.net/web-2019/1f34442d/css/94ae1d1.css → 200 (60ms, 3781B)
[2026-03-27T19:36:57.126Z] GET https://dk2h3gy4kn9jw.cloudfront.net/web-2019/1f34442d/4f5fe87.js → 200 (65ms, 29109B)
[2026-03-27T19:36:57.126Z] GET https://dk2h3gy4kn9jw.cloudfront.net/web-2019/1f34442d/css/c3417bc.css → 200 (63ms, 12974B)
[2026-03-27T19:36:57.126Z] GET https://dk2h3gy4kn9jw.cloudfront.net/web-2019/1f34442d/ff617b9.js → 200 (66ms, 41979B)
[2026-03-27T19:36:57.126Z] GET https://dk2h3gy4kn9jw.cloudfront.net/web-2019/1f34442d/d8cc74a.js → 200 (66ms, 6611B)
[2026-03-27T19:36:57.201Z] POST https://browser-intake-datadoghq.eu/api/v2/rum?ddsource=browser&ddtags=sdk_version%3A5.35.1%2Capi%3Afetch%2Cenv%3Aprod%2Cservice%3Arum-web-customer-2019%2Cversion%3A1.242.0&dd-api-key=pub46de094b8f02e8a51cee21d1bd55836e&dd-evp-origin-version=5.35.1&dd-evp-origin=browser&dd-request-id=346200ce-18fb-4790-b364-2599431f4513&batch_time=1774640217199 → pending (?ms, ?B)
[2026-03-27T19:36:57.201Z] POST https://browser-intake-datadoghq.eu/api/v2/rum?ddsource=browser&ddtags=sdk_version%3A5.35.1%2Capi%3Axhr%2Cenv%3Aprod%2Cservice%3Arum-web-customer-2019%2Cversion%3A1.242.0&dd-api-key=pub46de094b8f02e8a51cee21d1bd55836e&dd-evp-origin-version=5.35.1&dd-evp-origin=browser&dd-request-id=bf288db9-885c-4843-9610-3ad2829ce649&batch_time=1774640217200 → 202 (116ms, 53B)
[2026-03-27T19:36:57.205Z] POST https://browser-intake-datadoghq.eu/api/v2/rum?ddsource=browser&ddtags=sdk_version%3A5.35.1%2Capi%3Afetch%2Cenv%3Aprod%2Cservice%3Arum-web-customer-2019%2Cversion%3A1.242.0&dd-api-key=pub46de094b8f02e8a51cee21d1bd55836e&dd-evp-origin-version=5.35.1&dd-evp-origin=browser&dd-request-id=2d1da518-cc7f-4abc-aa88-7f87ab784fcc&batch_time=1774640217204 → pending (?ms, ?B)
[2026-03-27T19:36:57.205Z] POST https://browser-intake-datadoghq.eu/api/v2/rum?ddsource=browser&ddtags=sdk_version%3A5.35.1%2Capi%3Axhr%2Cenv%3Aprod%2Cservice%3Arum-web-customer-2019%2Cversion%3A1.242.0&dd-api-key=pub46de094b8f02e8a51cee21d1bd55836e&dd-evp-origin-version=5.35.1&dd-evp-origin=browser&dd-request-id=2ddeffd9-9f45-4065-bd12-ee7eceb7cfc7&batch_time=1774640217204 → 202 (112ms, 53B)
[2026-03-27T19:36:57.213Z] POST https://browser-intake-datadoghq.eu/api/v2/rum?ddsource=browser&ddtags=sdk_version%3A5.35.1%2Capi%3Afetch%2Cenv%3Aprod%2Cservice%3Arum-web-customer-2019%2Cversion%3A1.242.0&dd-api-key=pub46de094b8f02e8a51cee21d1bd55836e&dd-evp-origin-version=5.35.1&dd-evp-origin=browser&dd-request-id=b773ef02-59fd-4f8f-a3d7-5cd021ee6f9a&batch_time=1774640217212 → pending (?ms, ?B)
[2026-03-27T19:36:57.213Z] POST https://browser-intake-datadoghq.eu/api/v2/rum?ddsource=browser&ddtags=sdk_version%3A5.35.1%2Capi%3Axhr%2Cenv%3Aprod%2Cservice%3Arum-web-customer-2019%2Cversion%3A1.242.0&dd-api-key=pub46de094b8f02e8a51cee21d1bd55836e&dd-evp-origin-version=5.35.1&dd-evp-origin=browser&dd-request-id=67838bc3-a03b-423a-b3b2-7effc8c9c44f&batch_time=1774640217212 → 202 (104ms, 53B)
[2026-03-27T19:36:57.249Z] GET https://dk2h3gy4kn9jw.cloudfront.net/web-2019/1f34442d/d98fc3c.js → 200 (41ms, 788B)
[2026-03-27T19:36:57.256Z] GET https://cdn.apple-mapkit.com/ma/bootstrap?apiVersion=2&mkjsVersion=5.29.0&poi=1 → pending (?ms, ?B)
[2026-03-27T19:36:57.261Z] GET https://dk2h3gy4kn9jw.cloudfront.net/web-2019/1f34442d/img/marker-active.34970fd.png → 200 (37ms, 3334B)
[2026-03-27T19:36:57.309Z] GET https://d375139ucebi94.cloudfront.net/region2/pl/111132/inspiration/f3eeb831080e47aa931a4f4ccad07c-hey-beauty-2-0-inspiration-898eae49a54343a6bb1062dfb64e60-booksy.jpeg → 200 (23ms, 207320B)
[2026-03-27T19:36:57.309Z] GET https://d375139ucebi94.cloudfront.net/region2/pl/111132/inspiration/f4200477acd445ff9c0f497627ee1f-hey-beauty-2-0-inspiration-b334206538c2458db1d9e45a725bd7-booksy.jpeg → 200 (35ms, 134501B)
[2026-03-27T19:36:57.309Z] GET https://d375139ucebi94.cloudfront.net/region2/pl/111132/inspiration/802b628952214fdfaf3f13e4ae9497-hey-beauty-2-0-inspiration-41f05a2e52ff4825a01ef5ce663d5a-booksy.jpeg → 200 (47ms, 197210B)
[2026-03-27T19:36:57.309Z] GET https://d375139ucebi94.cloudfront.net/region2/pl/111132/inspiration/c9a37a0b3b614827b1fc0dc39b9899-hey-beauty-2-0-inspiration-3f221805ece74d35a6c569592c1371-booksy.jpeg → 200 (58ms, 101445B)
[2026-03-27T19:36:57.309Z] GET https://d375139ucebi94.cloudfront.net/region2/pl/111132/inspiration/b52e1b6931084835b07742d5eeb3a6-hey-beauty-2-0-inspiration-57e142e42ad84c4a944238896eefcc-booksy.jpeg → 200 (67ms, 159301B)
[2026-03-27T19:36:57.309Z] GET https://d375139ucebi94.cloudfront.net/region2/pl/111132/inspiration/7fd83b96c9f842a79e91f963aa331a-hey-beauty-2-0-inspiration-232fe511c10644829c4f13da612743-booksy.jpeg → 200 (77ms, 177490B)
[2026-03-27T19:36:57.501Z] POST https://browser-intake-datadoghq.eu/api/v2/rum?ddsource=browser&ddtags=sdk_version%3A5.35.1%2Capi%3Afetch%2Cenv%3Aprod%2Cservice%3Arum-web-customer-2019%2Cversion%3A1.242.0&dd-api-key=pub46de094b8f02e8a51cee21d1bd55836e&dd-evp-origin-version=5.35.1&dd-evp-origin=browser&dd-request-id=47f916c9-60ca-45d7-8749-67b125012c86&batch_time=1774640217500 → 202 (126ms, 53B)
[2026-03-27T19:36:57.519Z] GET https://dk2h3gy4kn9jw.cloudfront.net/web-2019/1f34442d/css/a10af9d.css → 200 (31ms, 180B)
[2026-03-27T19:36:57.520Z] GET https://dk2h3gy4kn9jw.cloudfront.net/web-2019/1f34442d/217a886.js → 200 (31ms, 2579B)
[2026-03-27T19:36:57.520Z] GET https://dk2h3gy4kn9jw.cloudfront.net/web-2019/1f34442d/css/58f7990.css → 200 (31ms, 211B)
[2026-03-27T19:36:57.520Z] GET https://dk2h3gy4kn9jw.cloudfront.net/web-2019/1f34442d/2e2bdc8.js → 200 (37ms, 2357B)
[2026-03-27T19:36:57.520Z] GET https://dk2h3gy4kn9jw.cloudfront.net/web-2019/1f34442d/d6fdb67.js → 200 (37ms, 497B)
[2026-03-27T19:36:57.531Z] GET https://wa.onelink.me/v1/onelink?af_id=22512576-d01e-4b7e-a88e-7e7665f55d28-p → 200 (95ms, 51B)
[2026-03-27T19:36:57.557Z] GET https://dk2h3gy4kn9jw.cloudfront.net/web-2019/1f34442d/31c137f.js → 200 (69ms, 1048B)
[2026-03-27T19:36:57.557Z] GET https://dk2h3gy4kn9jw.cloudfront.net/web-2019/1f34442d/355c906.js → 200 (69ms, 1910B)
[2026-03-27T19:36:57.562Z] GET https://dk2h3gy4kn9jw.cloudfront.net/web-2019/1f34442d/7a7b420.js → 200 (64ms, 894B)
[2026-03-27T19:36:57.910Z] GET https://js.stripe.com/v3/m-outer-3437aaddcdf6922d623e172c2d6f9278.html → 200 (1ms, 200B)
[2026-03-27T19:36:57.960Z] GET https://js.stripe.com/v3/fingerprinted/js/m-outer-15a2b40a058ddff1cffdb63779fe3de1.js → 200 (1ms, 526B)
[2026-03-27T19:36:57.963Z] GET https://m.stripe.network/inner.html → 200 (2ms, 930B)
[2026-03-27T19:36:57.969Z] GET https://m.stripe.network/out-4.5.45.js → 200 (21ms, 88737B)
[2026-03-27T19:36:58.004Z] POST https://m.stripe.com/6 → 200 (168ms, 156B)
[2026-03-27T19:36:58.106Z] POST https://browser-intake-datadoghq.eu/api/v2/rum?ddsource=browser&ddtags=sdk_version%3A5.35.1%2Capi%3Afetch%2Cenv%3Aprod%2Cservice%3Arum-web-customer-2019%2Cversion%3A1.242.0&dd-api-key=pub46de094b8f02e8a51cee21d1bd55836e&dd-evp-origin-version=5.35.1&dd-evp-origin=browser&dd-request-id=b0623b3d-e8c1-45a4-a848-eb948cad114a&batch_time=1774640218105 → 202 (112ms, 53B)
[2026-03-27T19:36:58.607Z] POST https://gsp10-ssl.ls.apple.com/hvr/mw/v1/spile → pending (?ms, ?B)
[2026-03-27T19:36:58.610Z] GET https://cdn.apple-mapkit.com/ti/tile?style=0&size=1&x=18202&y=11102&z=15&scale=1&lang=en&v=2603262&poi=1&accessKey=1774642018_2932002689758609234_%2F_Cpc4Tb2AKJvKRyCLKFIggupqGo6V6wv5UkYkHWEB664%3D&emphasis=standard&tint=light → 200 (180ms, 60161B)
[2026-03-27T19:36:58.610Z] GET https://cdn.apple-mapkit.com/ti/tile?style=0&size=1&x=18202&y=11103&z=15&scale=1&lang=en&v=2603262&poi=1&accessKey=1774642018_2932002689758609234_%2F_Cpc4Tb2AKJvKRyCLKFIggupqGo6V6wv5UkYkHWEB664%3D&emphasis=standard&tint=light → 200 (77ms, 54732B)
[2026-03-27T19:36:58.610Z] GET https://cdn.apple-mapkit.com/ti/tile?style=0&size=1&x=18201&y=11102&z=15&scale=1&lang=en&v=2603262&poi=1&accessKey=1774642018_2932002689758609234_%2F_Cpc4Tb2AKJvKRyCLKFIggupqGo6V6wv5UkYkHWEB664%3D&emphasis=standard&tint=light → 200 (150ms, 51944B)
[2026-03-27T19:36:58.610Z] GET https://cdn.apple-mapkit.com/ti/tile?style=0&size=1&x=18201&y=11103&z=15&scale=1&lang=en&v=2603262&poi=1&accessKey=1774642018_2932002689758609234_%2F_Cpc4Tb2AKJvKRyCLKFIggupqGo6V6wv5UkYkHWEB664%3D&emphasis=standard&tint=light → 200 (212ms, 38125B)
[2026-03-27T19:36:58.610Z] GET https://cdn.apple-mapkit.com/ti/tile?style=0&size=1&x=18203&y=11102&z=15&scale=1&lang=en&v=2603262&poi=1&accessKey=1774642018_2932002689758609234_%2F_Cpc4Tb2AKJvKRyCLKFIggupqGo6V6wv5UkYkHWEB664%3D&emphasis=standard&tint=light → 200 (221ms, 40372B)
[2026-03-27T19:36:58.610Z] GET https://cdn.apple-mapkit.com/ti/tile?style=0&size=1&x=18203&y=11103&z=15&scale=1&lang=en&v=2603262&poi=1&accessKey=1774642018_2932002689758609234_%2F_Cpc4Tb2AKJvKRyCLKFIggupqGo6V6wv5UkYkHWEB664%3D&emphasis=standard&tint=light → 200 (97ms, 46057B)
[2026-03-27T19:36:58.610Z] GET https://cdn.apple-mapkit.com/mk/5.29.0/images/logos/logo-wordmark-en-US.png → 200 (47ms, 918B)
[2026-03-27T19:36:58.798Z] POST https://browser-intake-datadoghq.eu/api/v2/rum?ddsource=browser&ddtags=sdk_version%3A5.35.1%2Capi%3Afetch%2Cenv%3Aprod%2Cservice%3Arum-web-customer-2019%2Cversion%3A1.242.0&dd-api-key=pub46de094b8f02e8a51cee21d1bd55836e&dd-evp-origin-version=5.35.1&dd-evp-origin=browser&dd-request-id=53a958da-e80c-4009-aad1-7bcf73c695b0&batch_time=1774640218796 → pending (?ms, ?B)
[2026-03-27T19:37:01.477Z] POST https://gsp10.apple-mapkit.com/mw/v1/reportAnalytics → pending (?ms, ?B)
[2026-03-27T19:37:19.006Z] GET https://d375139ucebi94.cloudfront.net/region2/pl/111132/logo/9e9b27b3f49d4435a93964de191e50-hey-beauty-2-0-logo-ae2ceccc63b84893a14fd2a640213e-booksy.jpeg?size=150x150 → 200 (3ms, 1872B)
[2026-03-27T19:37:19.006Z] GET https://d375139ucebi94.cloudfront.net/region2/pl/111132/biz_photo/a56db6b9874d402682bb9a3abe788b-hey-beauty-2-0-biz-photo-c52d60308d80422b9e7696b4466f1d-booksy.jpeg?size=640x427 → 200 (4ms, 27678B)
[2026-03-27T19:37:19.006Z] GET https://d375139ucebi94.cloudfront.net/region2/pl/111132/inspiration/f3eeb831080e47aa931a4f4ccad07c-hey-beauty-2-0-inspiration-898eae49a54343a6bb1062dfb64e60-booksy.jpeg → 200 (4ms, 207320B)
[2026-03-27T19:37:19.006Z] GET https://d375139ucebi94.cloudfront.net/region2/pl/111132/inspiration/f4200477acd445ff9c0f497627ee1f-hey-beauty-2-0-inspiration-b334206538c2458db1d9e45a725bd7-booksy.jpeg → 200 (4ms, 134501B)
[2026-03-27T19:37:19.006Z] GET https://d375139ucebi94.cloudfront.net/region2/pl/111132/inspiration/802b628952214fdfaf3f13e4ae9497-hey-beauty-2-0-inspiration-41f05a2e52ff4825a01ef5ce663d5a-booksy.jpeg → 200 (4ms, 197210B)
[2026-03-27T19:37:19.006Z] GET https://d375139ucebi94.cloudfront.net/region2/pl/111132/inspiration/c9a37a0b3b614827b1fc0dc39b9899-hey-beauty-2-0-inspiration-3f221805ece74d35a6c569592c1371-booksy.jpeg → 200 (4ms, 101445B)
[2026-03-27T19:37:19.006Z] GET https://d375139ucebi94.cloudfront.net/region2/pl/111132/inspiration/b52e1b6931084835b07742d5eeb3a6-hey-beauty-2-0-inspiration-57e142e42ad84c4a944238896eefcc-booksy.jpeg → 200 (5ms, 159301B)
[2026-03-27T19:37:19.006Z] GET https://d375139ucebi94.cloudfront.net/region2/pl/111132/inspiration/7fd83b96c9f842a79e91f963aa331a-hey-beauty-2-0-inspiration-232fe511c10644829c4f13da612743-booksy.jpeg → 200 (5ms, 177490B)
[2026-03-27T19:37:19.006Z] GET https://d375139ucebi94.cloudfront.net/region2/pl/111132/service_photos/044ece9aa41d4101b517373843fc8406.jpeg → 200 (10ms, 95144B)
[2026-03-27T19:37:19.006Z] GET https://d375139ucebi94.cloudfront.net/region2/pl/111132/service_photos/9b056d422def44afb80d4c0d56069378.jpeg → 200 (17ms, 215309B)
[2026-03-27T19:37:19.006Z] GET https://d375139ucebi94.cloudfront.net/region2/pl/111132/service_photos/76f95d9fa1c74dc189a70a4181f58b7f.jpeg → 200 (18ms, 179555B)
[2026-03-27T19:37:19.006Z] GET https://d375139ucebi94.cloudfront.net/region2/pl/111132/service_photos/b3675b283611481494c8bc0637cde506.jpeg → 200 (19ms, 94586B)
[2026-03-27T19:37:19.006Z] GET https://d375139ucebi94.cloudfront.net/region2/pl/111132/service_photos/956490c48c574b96ba1f05fe8b16bf74.jpeg → 200 (19ms, 178797B)
[2026-03-27T19:37:19.006Z] GET https://d375139ucebi94.cloudfront.net/region2/pl/111132/service_photos/12cb985b2f4248b293a2b62051984dc2.jpeg → 200 (19ms, 173852B)
[2026-03-27T19:37:19.006Z] GET https://d375139ucebi94.cloudfront.net/region2/pl/111132/service_photos/2d36580af2164ed2b69b5e7f43589373.jpeg → 200 (19ms, 125337B)
[2026-03-27T19:37:19.006Z] GET https://d375139ucebi94.cloudfront.net/region2/pl/111132/service_photos/23c6ab2d9de14ffeb36a7b793979390d.jpeg → 200 (21ms, 186012B)
[2026-03-27T19:37:19.006Z] GET https://d375139ucebi94.cloudfront.net/region2/pl/111132/service_photos/ecb868c45d364c5cab139fad18ab82ef.jpeg → 200 (26ms, 140837B)
[2026-03-27T19:37:19.006Z] GET https://d375139ucebi94.cloudfront.net/region2/pl/111132/service_photos/0e4cc99abfdd44a09532ffae755c3094.jpeg → 200 (28ms, 139771B)
[2026-03-27T19:37:19.006Z] GET https://d375139ucebi94.cloudfront.net/region2/pl/111132/service_photos/b87c17160a3a4281afdbbe86249e4215.jpeg → 200 (34ms, 125050B)
[2026-03-27T19:37:19.006Z] GET https://d375139ucebi94.cloudfront.net/region2/pl/111132/service_photos/5bf74000763f4fc7a6cca595c4bbd929.jpeg → 200 (34ms, 180219B)
[2026-03-27T19:37:19.006Z] GET https://d375139ucebi94.cloudfront.net/region2/pl/111132/service_photos/a830ff8c7f0c4f91a80f900690918703.jpeg → 200 (34ms, 185892B)
[2026-03-27T19:37:19.007Z] GET https://d375139ucebi94.cloudfront.net/region2/pl/111132/service_photos/b8fa43c06aa741bb9ab4f92b170ad1e3.jpeg → 200 (35ms, 94217B)
[2026-03-27T19:37:19.007Z] GET https://d375139ucebi94.cloudfront.net/region2/pl/111132/service_photos/50cca0277bd64bd79905f079e208e320.jpeg → 200 (36ms, 180566B)
[2026-03-27T19:37:19.007Z] GET https://d375139ucebi94.cloudfront.net/region2/pl/111132/service_photos/3bb81d2956a64707bee901ad661514a8.jpeg → 200 (36ms, 216449B)
[2026-03-27T19:37:19.007Z] GET https://d375139ucebi94.cloudfront.net/region2/pl/111132/service_photos/2d6669fbe93540198d41055dd5823b56.jpeg → 200 (38ms, 76513B)
[2026-03-27T19:37:19.007Z] GET https://d375139ucebi94.cloudfront.net/region2/pl/111132/service_photos/1b176bddad904d118277888fa3bef9cc.jpeg → 200 (40ms, 79962B)
[2026-03-27T19:37:19.007Z] GET https://d375139ucebi94.cloudfront.net/region2/pl/111132/service_photos/118c3f67e97a4b2f962fa34597786a28.jpeg → 200 (41ms, 124906B)
[2026-03-27T19:37:19.007Z] GET https://d375139ucebi94.cloudfront.net/region2/pl/111132/service_photos/6b64196045e84f5e93a1b94d987892d3.jpeg → 200 (42ms, 136649B)
[2026-03-27T19:37:19.007Z] GET https://d375139ucebi94.cloudfront.net/region2/pl/111132/service_photos/7b5ad73d2a074455b11c8e91bff6f2ba.jpeg → 200 (43ms, 185911B)
[2026-03-27T19:37:19.007Z] GET https://d375139ucebi94.cloudfront.net/region2/pl/111132/service_photos/06fd8d380af44b1998183e57b1442b9c.jpeg → 200 (44ms, 39377B)
[2026-03-27T19:37:19.007Z] GET https://d375139ucebi94.cloudfront.net/region2/pl/111132/service_photos/6e95c59dd600417eaec57699144e5ab3.jpeg → 200 (45ms, 298999B)
[2026-03-27T19:37:19.007Z] GET https://d375139ucebi94.cloudfront.net/region2/pl/111132/service_photos/b3c99728e4a841c7adaa147ae428993b.jpeg → 200 (46ms, 312261B)
[2026-03-27T19:37:19.007Z] GET https://d375139ucebi94.cloudfront.net/region2/pl/111132/service_photos/7d6149971973494e8759f2f8be4df68f.jpeg → 200 (53ms, 260219B)
[2026-03-27T19:37:19.007Z] GET https://d375139ucebi94.cloudfront.net/region2/pl/111132/service_photos/bfed3f38f044434394a350681059ab8c.jpeg → 200 (57ms, 414006B)
[2026-03-27T19:37:19.007Z] GET https://d375139ucebi94.cloudfront.net/region2/pl/111132/service_photos/c6266a964296443fa47efe29fee2b4a4.jpeg → 200 (57ms, 149458B)
[2026-03-27T19:37:19.007Z] GET https://d375139ucebi94.cloudfront.net/region2/pl/111132/service_photos/a049741b5c4447208313609750c29325.jpeg → 200 (57ms, 135728B)
[2026-03-27T19:37:19.007Z] GET https://d375139ucebi94.cloudfront.net/region2/pl/111132/service_photos/2e75d4e984ad43b4871b1ba451bd7a73.jpeg → 200 (58ms, 108767B)
[2026-03-27T19:37:19.007Z] GET https://d375139ucebi94.cloudfront.net/region2/pl/111132/service_photos/3a9f42a7adf34d7b80f41812a200eb17.jpeg → 200 (58ms, 80854B)
[2026-03-27T19:37:19.007Z] GET https://d375139ucebi94.cloudfront.net/region2/pl/111132/service_photos/0c668fdb7330450d890568c8ef9106c2.jpeg → 200 (61ms, 71595B)
[2026-03-27T19:37:19.007Z] GET https://d375139ucebi94.cloudfront.net/region2/pl/111132/service_photos/714165156b1943dd9a556ecea1902efa.jpeg → 200 (62ms, 188621B)
[2026-03-27T19:37:19.007Z] GET https://d375139ucebi94.cloudfront.net/region2/pl/111132/service_photos/e6b0d5e0ded444a6b126c7e2fc7c8f0f.jpeg → 200 (67ms, 26392B)
[2026-03-27T19:37:19.007Z] GET https://d375139ucebi94.cloudfront.net/region2/pl/111132/service_photos/6893bde35d9b4a7eac87f9470c382c54.jpeg → 200 (68ms, 29718B)
[2026-03-27T19:37:19.007Z] GET https://d375139ucebi94.cloudfront.net/region2/pl/111132/service_photos/c3fd4b23fe03455c8c070d8aa3d4983e.jpeg → 200 (68ms, 21957B)
[2026-03-27T19:37:19.007Z] GET https://d375139ucebi94.cloudfront.net/region2/pl/111132/service_photos/e242720505844c40a98f40c96b0e44b5.jpeg → 200 (69ms, 30328B)
[2026-03-27T19:37:19.007Z] GET https://d375139ucebi94.cloudfront.net/region2/pl/111132/service_photos/ea4a0d00a43348bd9e7e439d932910b3.jpeg → 200 (69ms, 28736B)
[2026-03-27T19:37:19.007Z] GET https://d375139ucebi94.cloudfront.net/region2/pl/111132/service_photos/74fe151e29de4bc186834167415b9492.jpeg → 200 (70ms, 24968B)
[2026-03-27T19:37:19.007Z] GET https://d375139ucebi94.cloudfront.net/region2/pl/111132/service_photos/b853a791216c43cdac115450e3e6354a.jpeg → 200 (72ms, 98836B)
[2026-03-27T19:37:19.007Z] GET https://d375139ucebi94.cloudfront.net/region2/pl/111132/service_photos/0e0aed6db721473d8a419e72b1731590.jpeg → 200 (74ms, 63403B)
[2026-03-27T19:37:19.007Z] GET https://d375139ucebi94.cloudfront.net/region2/pl/111132/service_photos/18b83ac804724592a2904942dc96df2d.jpeg → 200 (75ms, 64694B)
[2026-03-27T19:37:19.007Z] GET https://d375139ucebi94.cloudfront.net/region2/pl/111132/service_photos/904595ffd9ca44e88e3e436d8c3c4ae0.jpeg → 200 (77ms, 49047B)
[2026-03-27T19:37:19.007Z] GET https://d375139ucebi94.cloudfront.net/region2/pl/111132/service_photos/33469b72802b4d0d9f3633b7a83082d3.jpeg → 200 (79ms, 115457B)
[2026-03-27T19:37:19.007Z] GET https://d375139ucebi94.cloudfront.net/region2/pl/111132/service_photos/014d2521467f46669320264f9e7e2898.jpeg → 200 (82ms, 17176B)
[2026-03-27T19:37:19.008Z] GET https://d375139ucebi94.cloudfront.net/region2/pl/111132/service_photos/65ea877ce0194ed2be19caca91c67eb5.jpeg → 200 (81ms, 66491B)
[2026-03-27T19:37:19.008Z] GET https://d375139ucebi94.cloudfront.net/region2/pl/111132/service_photos/a0daaa5ecc15406db2e1356c86095af6.jpeg → 200 (82ms, 77024B)
[2026-03-27T19:37:19.008Z] GET https://d375139ucebi94.cloudfront.net/region2/pl/111132/service_photos/d1950f8b4de847d2b108396caf5b472b.jpeg → 200 (85ms, 92073B)
[2026-03-27T19:37:19.008Z] GET https://d375139ucebi94.cloudfront.net/region2/pl/111132/service_photos/f936d5831b314cc993f83b01dc37374f.jpeg → 200 (85ms, 98047B)
[2026-03-27T19:37:19.008Z] GET https://d375139ucebi94.cloudfront.net/region2/pl/111132/service_photos/7f802d0caf7c45948dbe4d198a951e5b.jpeg → 200 (87ms, 49886B)
[2026-03-27T19:37:19.008Z] GET https://d375139ucebi94.cloudfront.net/region2/pl/111132/service_photos/47f20f7829044953af8d0f95b1f90094.jpeg → 200 (89ms, 189092B)
[2026-03-27T19:37:19.008Z] GET https://d375139ucebi94.cloudfront.net/region2/pl/111132/service_photos/4eb065c6a80144889ef5c03f6df13f02.jpeg → 200 (90ms, 97531B)
[2026-03-27T19:37:19.008Z] GET https://d375139ucebi94.cloudfront.net/region2/pl/111132/service_photos/b76c276a79444f579270ae46646882e1.jpeg → 200 (92ms, 108401B)
[2026-03-27T19:37:19.008Z] GET https://d375139ucebi94.cloudfront.net/region2/pl/111132/service_photos/d365681215c441659cdd6f3a3a5879cc.jpeg → 200 (94ms, 212062B)
[2026-03-27T19:37:19.008Z] GET https://d375139ucebi94.cloudfront.net/region2/pl/111132/service_photos/e5b3964d4aa147869a8eacd361151672.jpeg → 200 (97ms, 135012B)
[2026-03-27T19:37:19.008Z] GET https://d375139ucebi94.cloudfront.net/region2/pl/111132/service_photos/1829fbf522cc4976b2cd1878657c2c24.jpeg → 200 (98ms, 68050B)
[2026-03-27T19:37:19.008Z] GET https://d375139ucebi94.cloudfront.net/region2/pl/111132/service_photos/3143bdc8f32e4508aa56f1624968d3a7.jpeg → 200 (99ms, 100935B)
[2026-03-27T19:37:19.008Z] GET https://d375139ucebi94.cloudfront.net/region2/pl/111132/service_photos/dfb45776a7e74299976043124d10a363.jpeg → 200 (101ms, 51648B)
[2026-03-27T19:37:19.008Z] GET https://d375139ucebi94.cloudfront.net/region2/pl/111132/service_photos/8cfe99fd7607400582c71e02028c52b5.jpeg → 200 (102ms, 74782B)
[2026-03-27T19:37:19.008Z] GET https://d375139ucebi94.cloudfront.net/region2/pl/111132/service_photos/97470a898cc2471189f7c27b1ed12a76.jpeg → 200 (103ms, 87234B)
[2026-03-27T19:37:19.008Z] GET https://d375139ucebi94.cloudfront.net/region2/pl/111132/logo/9e9b27b3f49d4435a93964de191e50-hey-beauty-2-0-logo-ae2ceccc63b84893a14fd2a640213e-booksy.jpeg?size=50x50 → 200 (105ms, 473B)
[2026-03-27T19:37:19.008Z] GET https://d375139ucebi94.cloudfront.net/region2/pl/users/09d2d4a80c0c4e809cb0289816e37c-adfd6c7a5a8a4d7ca9758fd49c8e5b-booksy.jpeg?size=50x50 → 200 (107ms, 1046B)
[2026-03-27T19:37:19.008Z] GET https://d375139ucebi94.cloudfront.net/region2/pl/users/9e6e64ffb1b84f7ca892c297a39389-382f0a96292e4fdc807a2d2ca20df0-booksy.jpeg?size=50x50 → 200 (108ms, 1066B)
[2026-03-27T19:37:19.008Z] GET https://d375139ucebi94.cloudfront.net/region2/pl/users/37e963d557c14e58ad5e859aaf345f-83a6241ca8394362b1eba3067a1360-booksy.jpeg?size=50x50 → 200 (110ms, 1637B)
[2026-03-27T19:37:19.008Z] GET https://d375139ucebi94.cloudfront.net/region2/pl/111132/logo/9e9b27b3f49d4435a93964de191e50-hey-beauty-2-0-logo-ae2ceccc63b84893a14fd2a640213e-booksy.jpeg?size=150x150&size=250x250 → 200 (111ms, 5047B)
[2026-03-27T19:37:19.008Z] GET https://d375139ucebi94.cloudfront.net/region2/pl/111132/resource_photos/13d82c396a9e46c29e5cdd52052c2d-hey-beauty-2-0-katarzyna-bcea778837e04f1a8091c9a8bd0df3-booksy.jpeg?size=250x250&size=100x100 → 200 (113ms, 2332B)
[2026-03-27T19:37:19.008Z] GET https://d375139ucebi94.cloudfront.net/region2/pl/111132/resource_photos/c1692776fead43ef903a84f7d8422c-hey-beauty-2-0-ewelina-410f7834cc0c4d529b6413ce4c823d-booksy.jpeg?size=250x250&size=100x100 → 200 (115ms, 2164B)
[2026-03-27T19:37:19.008Z] GET https://d375139ucebi94.cloudfront.net/region2/pl/111132/resource_photos/fbb0b5a078a54ab3b9112efeb33974-hey-beauty-2-0-paulina-a1611b39cc5a46dcb0d8578a8fc8f2-booksy.jpeg?size=250x250&size=100x100 → 200 (117ms, 2038B)
[2026-03-27T19:37:19.008Z] GET https://d375139ucebi94.cloudfront.net/region2/pl/111132/resource_photos/00ba7a379afb4cdda1169232bbcce3-hey-beauty-2-0-anna-3abd4692bd6b45a0a470fcd8f16be4-booksy.jpeg?size=250x250&size=100x100 → 200 (119ms, 2594B)
[2026-03-27T19:37:19.008Z] GET https://d375139ucebi94.cloudfront.net/region2/pl/111132/resource_photos/29c013557b694dddae2c8bb62737d4-hey-beauty-2-0-daria-e195ea5c67db4163bf99419c84de89-booksy.jpeg?size=250x250&size=100x100 → 200 (121ms, 2250B)
[2026-03-27T19:37:19.008Z] GET https://dk2h3gy4kn9jw.cloudfront.net/web-2019/1f34442d/img/fb.f1f07b1.png → 200 (153ms, 829B)
[2026-03-27T19:37:19.008Z] GET https://dk2h3gy4kn9jw.cloudfront.net/web-2019/1f34442d/img/right.325d258.png → 200 (160ms, 238B)
[2026-03-27T19:37:19.008Z] GET https://dk2h3gy4kn9jw.cloudfront.net/web-2019/1f34442d/img/twitter.9736f3c.png → 200 (160ms, 819B)
[2026-03-27T19:37:19.008Z] GET https://dk2h3gy4kn9jw.cloudfront.net/web-2019/1f34442d/img/copy.a138145.png → 200 (160ms, 766B)
[2026-03-27T19:37:19.024Z] POST https://browser-intake-datadoghq.eu/api/v2/rum?ddsource=browser&ddtags=sdk_version%3A5.35.1%2Capi%3Afetch%2Cenv%3Aprod%2Cservice%3Arum-web-customer-2019%2Cversion%3A1.242.0&dd-api-key=pub46de094b8f02e8a51cee21d1bd55836e&dd-evp-origin-version=5.35.1&dd-evp-origin=browser&dd-request-id=498234b7-4f4c-4941-bd0a-81ce28249e58&batch_time=1774640239016 → 202 (235ms, 53B)
[2026-03-27T19:37:19.045Z] POST https://browser-intake-datadoghq.eu/api/v2/rum?ddsource=browser&ddtags=sdk_version%3A5.35.1%2Capi%3Afetch%2Cenv%3Aprod%2Cservice%3Arum-web-customer-2019%2Cversion%3A1.242.0&dd-api-key=pub46de094b8f02e8a51cee21d1bd55836e&dd-evp-origin-version=5.35.1&dd-evp-origin=browser&dd-request-id=3d551be8-d20c-4c81-8c4c-1b9da8865c12&batch_time=1774640239038 → 202 (202ms, 53B)
[2026-03-27T19:37:19.075Z] POST https://browser-intake-datadoghq.eu/api/v2/rum?ddsource=browser&ddtags=sdk_version%3A5.35.1%2Capi%3Afetch%2Cenv%3Aprod%2Cservice%3Arum-web-customer-2019%2Cversion%3A1.242.0&dd-api-key=pub46de094b8f02e8a51cee21d1bd55836e&dd-evp-origin-version=5.35.1&dd-evp-origin=browser&dd-request-id=f4905e37-e19a-45a7-9485-4a4d526da96c&batch_time=1774640239071 → 202 (172ms, 53B)
[2026-03-27T19:37:19.096Z] POST https://browser-intake-datadoghq.eu/api/v2/rum?ddsource=browser&ddtags=sdk_version%3A5.35.1%2Capi%3Afetch%2Cenv%3Aprod%2Cservice%3Arum-web-customer-2019%2Cversion%3A1.242.0&dd-api-key=pub46de094b8f02e8a51cee21d1bd55836e&dd-evp-origin-version=5.35.1&dd-evp-origin=browser&dd-request-id=908afcf1-b368-4ff3-bf2d-0febe06c6c60&batch_time=1774640239095 → 202 (154ms, 53B)
[2026-03-27T19:37:19.126Z] POST https://browser-intake-datadoghq.eu/api/v2/rum?ddsource=browser&ddtags=sdk_version%3A5.35.1%2Capi%3Afetch%2Cenv%3Aprod%2Cservice%3Arum-web-customer-2019%2Cversion%3A1.242.0&dd-api-key=pub46de094b8f02e8a51cee21d1bd55836e&dd-evp-origin-version=5.35.1&dd-evp-origin=browser&dd-request-id=e3d0b398-c64a-47a4-97a1-5e5a140a1bfe&batch_time=1774640239125 → pending (?ms, ?B)
[2026-03-27T19:37:19.126Z] POST https://browser-intake-datadoghq.eu/api/v2/rum?ddsource=browser&ddtags=sdk_version%3A5.35.1%2Capi%3Axhr%2Cenv%3Aprod%2Cservice%3Arum-web-customer-2019%2Cversion%3A1.242.0&dd-api-key=pub46de094b8f02e8a51cee21d1bd55836e&dd-evp-origin-version=5.35.1&dd-evp-origin=browser&dd-request-id=f4160343-0932-4942-b8a5-7dcb91c57ee9&batch_time=1774640239126 → 202 (116ms, 53B)
[2026-03-27T19:37:26.165Z] GET https://fscdn.eppo.cloud/api/flag-config/v1/config?apiKey=-05ENfZ3cBNVVlyIG4t0tzgrWqP0l_1c_LGexRuK6v0&sdkName=js-client-sdk&sdkVersion=3.0.2 → 200 (24ms, 1274835B)
[2026-03-27T19:37:49.136Z] POST https://browser-intake-datadoghq.eu/api/v2/rum?ddsource=browser&ddtags=sdk_version%3A5.35.1%2Capi%3Afetch%2Cenv%3Aprod%2Cservice%3Arum-web-customer-2019%2Cversion%3A1.242.0&dd-api-key=pub46de094b8f02e8a51cee21d1bd55836e&dd-evp-origin-version=5.35.1&dd-evp-origin=browser&dd-request-id=4d25d92b-639a-4e1e-b799-03a83e117cf1&batch_time=1774640269133 → 202 (108ms, 53B)
[2026-03-27T19:37:56.285Z] GET https://fscdn.eppo.cloud/api/flag-config/v1/config?apiKey=-05ENfZ3cBNVVlyIG4t0tzgrWqP0l_1c_LGexRuK6v0&sdkName=js-client-sdk&sdkVersion=3.0.2 → 200 (32ms, 1274835B)
[2026-03-27T19:38:26.408Z] GET https://fscdn.eppo.cloud/api/flag-config/v1/config?apiKey=-05ENfZ3cBNVVlyIG4t0tzgrWqP0l_1c_LGexRuK6v0&sdkName=js-client-sdk&sdkVersion=3.0.2 → 200 (28ms, 1274835B)
[2026-03-27T19:38:26.533Z] POST https://browser-intake-datadoghq.eu/api/v2/rum?ddsource=browser&ddtags=sdk_version%3A5.35.1%2Capi%3Afetch%2Cenv%3Aprod%2Cservice%3Arum-web-customer-2019%2Cversion%3A1.242.0&dd-api-key=pub46de094b8f02e8a51cee21d1bd55836e&dd-evp-origin-version=5.35.1&dd-evp-origin=browser&dd-request-id=14746f29-59dd-41b8-bfd3-d37ef30869a5&batch_time=1774640306532 → 202 (125ms, 53B)
[2026-03-27T19:38:56.541Z] GET https://fscdn.eppo.cloud/api/flag-config/v1/config?apiKey=-05ENfZ3cBNVVlyIG4t0tzgrWqP0l_1c_LGexRuK6v0&sdkName=js-client-sdk&sdkVersion=3.0.2 → 200 (32ms, 1274835B)
[2026-03-27T19:38:56.551Z] POST https://browser-intake-datadoghq.eu/api/v2/rum?ddsource=browser&ddtags=sdk_version%3A5.35.1%2Capi%3Afetch%2Cenv%3Aprod%2Cservice%3Arum-web-customer-2019%2Cversion%3A1.242.0&dd-api-key=pub46de094b8f02e8a51cee21d1bd55836e&dd-evp-origin-version=5.35.1&dd-evp-origin=browser&dd-request-id=2440c152-99de-4a89-96af-bfe06f93b32c&batch_time=1774640336550 → 202 (124ms, 53B)
[2026-03-27T19:39:26.674Z] GET https://fscdn.eppo.cloud/api/flag-config/v1/config?apiKey=-05ENfZ3cBNVVlyIG4t0tzgrWqP0l_1c_LGexRuK6v0&sdkName=js-client-sdk&sdkVersion=3.0.2 → 200 (68ms, 1274835B)
[2026-03-27T19:39:26.680Z] POST https://browser-intake-datadoghq.eu/api/v2/rum?ddsource=browser&ddtags=sdk_version%3A5.35.1%2Capi%3Afetch%2Cenv%3Aprod%2Cservice%3Arum-web-customer-2019%2Cversion%3A1.242.0&dd-api-key=pub46de094b8f02e8a51cee21d1bd55836e&dd-evp-origin-version=5.35.1&dd-evp-origin=browser&dd-request-id=04df3926-e68b-452c-a8b4-a5832de338d1&batch_time=1774640366676 → 202 (191ms, 53B)
[2026-03-27T19:39:56.862Z] GET https://fscdn.eppo.cloud/api/flag-config/v1/config?apiKey=-05ENfZ3cBNVVlyIG4t0tzgrWqP0l_1c_LGexRuK6v0&sdkName=js-client-sdk&sdkVersion=3.0.2 → 200 (29ms, 1274835B)
[2026-03-27T19:39:56.869Z] POST https://browser-intake-datadoghq.eu/api/v2/rum?ddsource=browser&ddtags=sdk_version%3A5.35.1%2Capi%3Afetch%2Cenv%3Aprod%2Cservice%3Arum-web-customer-2019%2Cversion%3A1.242.0&dd-api-key=pub46de094b8f02e8a51cee21d1bd55836e&dd-evp-origin-version=5.35.1&dd-evp-origin=browser&dd-request-id=1bfc229c-a895-4137-9bfa-00329ea0a6a7&batch_time=1774640396868 → 202 (135ms, 53B)
[2026-03-27T19:40:26.998Z] GET https://fscdn.eppo.cloud/api/flag-config/v1/config?apiKey=-05ENfZ3cBNVVlyIG4t0tzgrWqP0l_1c_LGexRuK6v0&sdkName=js-client-sdk&sdkVersion=3.0.2 → 200 (30ms, ?B)
[2026-03-27T19:40:27.002Z] POST https://browser-intake-datadoghq.eu/api/v2/rum?ddsource=browser&ddtags=sdk_version%3A5.35.1%2Capi%3Afetch%2Cenv%3Aprod%2Cservice%3Arum-web-customer-2019%2Cversion%3A1.242.0&dd-api-key=pub46de094b8f02e8a51cee21d1bd55836e&dd-evp-origin-version=5.35.1&dd-evp-origin=browser&dd-request-id=19980ce8-8848-4902-8b83-d4a395ac7a96&batch_time=1774640427000 → pending (?ms, ?B)
[2026-03-27T19:40:57.132Z] GET https://fscdn.eppo.cloud/api/flag-config/v1/config?apiKey=-05ENfZ3cBNVVlyIG4t0tzgrWqP0l_1c_LGexRuK6v0&sdkName=js-client-sdk&sdkVersion=3.0.2 → 200 (26ms, 1274835B)
[2026-03-27T19:40:57.145Z] POST https://browser-intake-datadoghq.eu/api/v2/rum?ddsource=browser&ddtags=sdk_version%3A5.35.1%2Capi%3Afetch%2Cenv%3Aprod%2Cservice%3Arum-web-customer-2019%2Cversion%3A1.242.0&dd-api-key=pub46de094b8f02e8a51cee21d1bd55836e&dd-evp-origin-version=5.35.1&dd-evp-origin=browser&dd-request-id=6e80addb-68cf-4369-b117-9b946f593c76&batch_time=1774640457142 → 202 (121ms, 53B)
[2026-03-27T19:41:27.258Z] GET https://fscdn.eppo.cloud/api/flag-config/v1/config?apiKey=-05ENfZ3cBNVVlyIG4t0tzgrWqP0l_1c_LGexRuK6v0&sdkName=js-client-sdk&sdkVersion=3.0.2 → 200 (34ms, 1274835B)
[2026-03-27T19:41:27.269Z] POST https://browser-intake-datadoghq.eu/api/v2/rum?ddsource=browser&ddtags=sdk_version%3A5.35.1%2Capi%3Afetch%2Cenv%3Aprod%2Cservice%3Arum-web-customer-2019%2Cversion%3A1.242.0&dd-api-key=pub46de094b8f02e8a51cee21d1bd55836e&dd-evp-origin-version=5.35.1&dd-evp-origin=browser&dd-request-id=2538fdc9-4b64-4ef9-86f3-466c696c0d60&batch_time=1774640487267 → 202 (141ms, 53B)
[2026-03-27T19:41:57.399Z] GET https://fscdn.eppo.cloud/api/flag-config/v1/config?apiKey=-05ENfZ3cBNVVlyIG4t0tzgrWqP0l_1c_LGexRuK6v0&sdkName=js-client-sdk&sdkVersion=3.0.2 → 200 (34ms, 1274835B)
[2026-03-27T19:41:57.407Z] POST https://browser-intake-datadoghq.eu/api/v2/rum?ddsource=browser&ddtags=sdk_version%3A5.35.1%2Capi%3Afetch%2Cenv%3Aprod%2Cservice%3Arum-web-customer-2019%2Cversion%3A1.242.0&dd-api-key=pub46de094b8f02e8a51cee21d1bd55836e&dd-evp-origin-version=5.35.1&dd-evp-origin=browser&dd-request-id=c4f0f18b-0c50-4c14-bdaf-02bf9bd95dfb&batch_time=1774640517405 → 202 (133ms, 53B)
[2026-03-27T19:42:27.532Z] GET https://fscdn.eppo.cloud/api/flag-config/v1/config?apiKey=-05ENfZ3cBNVVlyIG4t0tzgrWqP0l_1c_LGexRuK6v0&sdkName=js-client-sdk&sdkVersion=3.0.2 → 200 (36ms, 1274835B)
[2026-03-27T19:42:27.544Z] POST https://browser-intake-datadoghq.eu/api/v2/rum?ddsource=browser&ddtags=sdk_version%3A5.35.1%2Capi%3Afetch%2Cenv%3Aprod%2Cservice%3Arum-web-customer-2019%2Cversion%3A1.242.0&dd-api-key=pub46de094b8f02e8a51cee21d1bd55836e&dd-evp-origin-version=5.35.1&dd-evp-origin=browser&dd-request-id=5db5c763-0663-4c49-82f1-82aff8fae5b1&batch_time=1774640547542 → 202 (129ms, 53B)
[2026-03-27T19:42:57.671Z] GET https://fscdn.eppo.cloud/api/flag-config/v1/config?apiKey=-05ENfZ3cBNVVlyIG4t0tzgrWqP0l_1c_LGexRuK6v0&sdkName=js-client-sdk&sdkVersion=3.0.2 → 200 (26ms, 1274835B)
[2026-03-27T19:42:57.671Z] POST https://browser-intake-datadoghq.eu/api/v2/rum?ddsource=browser&ddtags=sdk_version%3A5.35.1%2Capi%3Afetch%2Cenv%3Aprod%2Cservice%3Arum-web-customer-2019%2Cversion%3A1.242.0&dd-api-key=pub46de094b8f02e8a51cee21d1bd55836e&dd-evp-origin-version=5.35.1&dd-evp-origin=browser&dd-request-id=400636ae-3db3-4883-9d36-bce39d014e13&batch_time=1774640577670 → 202 (133ms, 53B)
[2026-03-27T19:43:27.796Z] GET https://fscdn.eppo.cloud/api/flag-config/v1/config?apiKey=-05ENfZ3cBNVVlyIG4t0tzgrWqP0l_1c_LGexRuK6v0&sdkName=js-client-sdk&sdkVersion=3.0.2 → 200 (30ms, 1274835B)
[2026-03-27T19:43:27.806Z] POST https://browser-intake-datadoghq.eu/api/v2/rum?ddsource=browser&ddtags=sdk_version%3A5.35.1%2Capi%3Afetch%2Cenv%3Aprod%2Cservice%3Arum-web-customer-2019%2Cversion%3A1.242.0&dd-api-key=pub46de094b8f02e8a51cee21d1bd55836e&dd-evp-origin-version=5.35.1&dd-evp-origin=browser&dd-request-id=b00dcb59-f578-490d-997d-dc516fa05281&batch_time=1774640607804 → 202 (124ms, 53B)
[2026-03-27T19:43:57.927Z] GET https://fscdn.eppo.cloud/api/flag-config/v1/config?apiKey=-05ENfZ3cBNVVlyIG4t0tzgrWqP0l_1c_LGexRuK6v0&sdkName=js-client-sdk&sdkVersion=3.0.2 → 200 (29ms, 1274835B)
[2026-03-27T19:43:57.928Z] POST https://browser-intake-datadoghq.eu/api/v2/rum?ddsource=browser&ddtags=sdk_version%3A5.35.1%2Capi%3Afetch%2Cenv%3Aprod%2Cservice%3Arum-web-customer-2019%2Cversion%3A1.242.0&dd-api-key=pub46de094b8f02e8a51cee21d1bd55836e&dd-evp-origin-version=5.35.1&dd-evp-origin=browser&dd-request-id=056a1a30-e739-4319-90ea-c57b60361ff5&batch_time=1774640637927 → 202 (135ms, 53B)
[2026-03-27T19:44:28.052Z] GET https://fscdn.eppo.cloud/api/flag-config/v1/config?apiKey=-05ENfZ3cBNVVlyIG4t0tzgrWqP0l_1c_LGexRuK6v0&sdkName=js-client-sdk&sdkVersion=3.0.2 → 200 (26ms, 1274835B)
[2026-03-27T19:44:28.063Z] POST https://browser-intake-datadoghq.eu/api/v2/rum?ddsource=browser&ddtags=sdk_version%3A5.35.1%2Capi%3Afetch%2Cenv%3Aprod%2Cservice%3Arum-web-customer-2019%2Cversion%3A1.242.0&dd-api-key=pub46de094b8f02e8a51cee21d1bd55836e&dd-evp-origin-version=5.35.1&dd-evp-origin=browser&dd-request-id=b2c065f1-9e51-406f-924c-9b359acb56b2&batch_time=1774640668061 → 202 (118ms, 53B)
[2026-03-27T19:44:58.175Z] GET https://fscdn.eppo.cloud/api/flag-config/v1/config?apiKey=-05ENfZ3cBNVVlyIG4t0tzgrWqP0l_1c_LGexRuK6v0&sdkName=js-client-sdk&sdkVersion=3.0.2 → 200 (36ms, 1274835B)
[2026-03-27T19:44:58.186Z] POST https://browser-intake-datadoghq.eu/api/v2/rum?ddsource=browser&ddtags=sdk_version%3A5.35.1%2Capi%3Afetch%2Cenv%3Aprod%2Cservice%3Arum-web-customer-2019%2Cversion%3A1.242.0&dd-api-key=pub46de094b8f02e8a51cee21d1bd55836e&dd-evp-origin-version=5.35.1&dd-evp-origin=browser&dd-request-id=cea90c96-ce1b-487d-b670-ed18941672af&batch_time=1774640698184 → 202 (128ms, ?B)
[2026-03-27T19:45:28.311Z] GET https://fscdn.eppo.cloud/api/flag-config/v1/config?apiKey=-05ENfZ3cBNVVlyIG4t0tzgrWqP0l_1c_LGexRuK6v0&sdkName=js-client-sdk&sdkVersion=3.0.2 → 200 (28ms, ?B)
[2026-03-27T19:45:28.323Z] POST https://browser-intake-datadoghq.eu/api/v2/rum?ddsource=browser&ddtags=sdk_version%3A5.35.1%2Capi%3Afetch%2Cenv%3Aprod%2Cservice%3Arum-web-customer-2019%2Cversion%3A1.242.0&dd-api-key=pub46de094b8f02e8a51cee21d1bd55836e&dd-evp-origin-version=5.35.1&dd-evp-origin=browser&dd-request-id=caa1a518-8370-47fc-9af3-d06f93a8494e&batch_time=1774640728321 → pending (?ms, ?B)
[2026-03-27T19:45:58.438Z] GET https://fscdn.eppo.cloud/api/flag-config/v1/config?apiKey=-05ENfZ3cBNVVlyIG4t0tzgrWqP0l_1c_LGexRuK6v0&sdkName=js-client-sdk&sdkVersion=3.0.2 → pending (?ms, ?B)
[2026-03-27T19:45:58.449Z] POST https://browser-intake-datadoghq.eu/api/v2/rum?ddsource=browser&ddtags=sdk_version%3A5.35.1%2Capi%3Afetch%2Cenv%3Aprod%2Cservice%3Arum-web-customer-2019%2Cversion%3A1.242.0&dd-api-key=pub46de094b8f02e8a51cee21d1bd55836e&dd-evp-origin-version=5.35.1&dd-evp-origin=browser&dd-request-id=845dba60-7d9e-4564-a06b-3903c6e7770f&batch_time=1774640758447 → 202 (131ms, 53B)
[2026-03-27T19:46:28.577Z] GET https://fscdn.eppo.cloud/api/flag-config/v1/config?apiKey=-05ENfZ3cBNVVlyIG4t0tzgrWqP0l_1c_LGexRuK6v0&sdkName=js-client-sdk&sdkVersion=3.0.2 → 200 (39ms, 1274835B)
[2026-03-27T19:46:28.583Z] POST https://browser-intake-datadoghq.eu/api/v2/rum?ddsource=browser&ddtags=sdk_version%3A5.35.1%2Capi%3Afetch%2Cenv%3Aprod%2Cservice%3Arum-web-customer-2019%2Cversion%3A1.242.0&dd-api-key=pub46de094b8f02e8a51cee21d1bd55836e&dd-evp-origin-version=5.35.1&dd-evp-origin=browser&dd-request-id=251078e7-5e5b-4228-bfd0-b598e0d7eed7&batch_time=1774640788581 → 202 (134ms, 53B)
[2026-03-27T19:46:58.707Z] GET https://fscdn.eppo.cloud/api/flag-config/v1/config?apiKey=-05ENfZ3cBNVVlyIG4t0tzgrWqP0l_1c_LGexRuK6v0&sdkName=js-client-sdk&sdkVersion=3.0.2 → 200 (30ms, 1274835B)
[2026-03-27T19:46:58.716Z] POST https://browser-intake-datadoghq.eu/api/v2/rum?ddsource=browser&ddtags=sdk_version%3A5.35.1%2Capi%3Afetch%2Cenv%3Aprod%2Cservice%3Arum-web-customer-2019%2Cversion%3A1.242.0&dd-api-key=pub46de094b8f02e8a51cee21d1bd55836e&dd-evp-origin-version=5.35.1&dd-evp-origin=browser&dd-request-id=41b75b68-c527-40d5-958b-848d73d81646&batch_time=1774640818715 → 202 (143ms, 53B)
[2026-03-27T19:47:28.851Z] GET https://fscdn.eppo.cloud/api/flag-config/v1/config?apiKey=-05ENfZ3cBNVVlyIG4t0tzgrWqP0l_1c_LGexRuK6v0&sdkName=js-client-sdk&sdkVersion=3.0.2 → 200 (28ms, 1274835B)
[2026-03-27T19:47:28.866Z] POST https://browser-intake-datadoghq.eu/api/v2/rum?ddsource=browser&ddtags=sdk_version%3A5.35.1%2Capi%3Afetch%2Cenv%3Aprod%2Cservice%3Arum-web-customer-2019%2Cversion%3A1.242.0&dd-api-key=pub46de094b8f02e8a51cee21d1bd55836e&dd-evp-origin-version=5.35.1&dd-evp-origin=browser&dd-request-id=8b59db5c-6dcf-4d24-95f2-86af870d18b8&batch_time=1774640848864 → 202 (117ms, 53B)
[2026-03-27T19:47:58.981Z] GET https://fscdn.eppo.cloud/api/flag-config/v1/config?apiKey=-05ENfZ3cBNVVlyIG4t0tzgrWqP0l_1c_LGexRuK6v0&sdkName=js-client-sdk&sdkVersion=3.0.2 → 200 (32ms, 1274835B)
[2026-03-27T19:47:58.981Z] POST https://browser-intake-datadoghq.eu/api/v2/rum?ddsource=browser&ddtags=sdk_version%3A5.35.1%2Capi%3Afetch%2Cenv%3Aprod%2Cservice%3Arum-web-customer-2019%2Cversion%3A1.242.0&dd-api-key=pub46de094b8f02e8a51cee21d1bd55836e&dd-evp-origin-version=5.35.1&dd-evp-origin=browser&dd-request-id=ffb72208-352e-4fd0-970c-deca1843761e&batch_time=1774640878980 → 202 (138ms, 53B)
[2026-03-27T19:48:29.109Z] GET https://fscdn.eppo.cloud/api/flag-config/v1/config?apiKey=-05ENfZ3cBNVVlyIG4t0tzgrWqP0l_1c_LGexRuK6v0&sdkName=js-client-sdk&sdkVersion=3.0.2 → 200 (30ms, 1274835B)
[2026-03-27T19:48:29.121Z] POST https://browser-intake-datadoghq.eu/api/v2/rum?ddsource=browser&ddtags=sdk_version%3A5.35.1%2Capi%3Afetch%2Cenv%3Aprod%2Cservice%3Arum-web-customer-2019%2Cversion%3A1.242.0&dd-api-key=pub46de094b8f02e8a51cee21d1bd55836e&dd-evp-origin-version=5.35.1&dd-evp-origin=browser&dd-request-id=89948259-96ef-4530-add7-15fc5b38119d&batch_time=1774640909120 → 202 (120ms, 53B)
[2026-03-27T19:48:59.239Z] GET https://fscdn.eppo.cloud/api/flag-config/v1/config?apiKey=-05ENfZ3cBNVVlyIG4t0tzgrWqP0l_1c_LGexRuK6v0&sdkName=js-client-sdk&sdkVersion=3.0.2 → 200 (28ms, 1274835B)
[2026-03-27T19:48:59.240Z] POST https://browser-intake-datadoghq.eu/api/v2/rum?ddsource=browser&ddtags=sdk_version%3A5.35.1%2Capi%3Afetch%2Cenv%3Aprod%2Cservice%3Arum-web-customer-2019%2Cversion%3A1.242.0&dd-api-key=pub46de094b8f02e8a51cee21d1bd55836e&dd-evp-origin-version=5.35.1&dd-evp-origin=browser&dd-request-id=584fb904-67a6-4b58-9725-dbd02accfeb3&batch_time=1774640939237 → 202 (133ms, 53B)
[2026-03-27T19:49:29.365Z] GET https://fscdn.eppo.cloud/api/flag-config/v1/config?apiKey=-05ENfZ3cBNVVlyIG4t0tzgrWqP0l_1c_LGexRuK6v0&sdkName=js-client-sdk&sdkVersion=3.0.2 → 200 (34ms, 1274835B)
[2026-03-27T19:49:29.375Z] POST https://browser-intake-datadoghq.eu/api/v2/rum?ddsource=browser&ddtags=sdk_version%3A5.35.1%2Capi%3Afetch%2Cenv%3Aprod%2Cservice%3Arum-web-customer-2019%2Cversion%3A1.242.0&dd-api-key=pub46de094b8f02e8a51cee21d1bd55836e&dd-evp-origin-version=5.35.1&dd-evp-origin=browser&dd-request-id=d75aa535-997c-40d4-8ee9-0d1970850e8f&batch_time=1774640969374 → 202 (128ms, 53B)
[2026-03-27T19:49:59.498Z] GET https://fscdn.eppo.cloud/api/flag-config/v1/config?apiKey=-05ENfZ3cBNVVlyIG4t0tzgrWqP0l_1c_LGexRuK6v0&sdkName=js-client-sdk&sdkVersion=3.0.2 → 200 (28ms, 1274835B)
[2026-03-27T19:49:59.509Z] POST https://browser-intake-datadoghq.eu/api/v2/rum?ddsource=browser&ddtags=sdk_version%3A5.35.1%2Capi%3Afetch%2Cenv%3Aprod%2Cservice%3Arum-web-customer-2019%2Cversion%3A1.242.0&dd-api-key=pub46de094b8f02e8a51cee21d1bd55836e&dd-evp-origin-version=5.35.1&dd-evp-origin=browser&dd-request-id=4ae40289-a084-42b9-b2c5-302b69f0ba31&batch_time=1774640999507 → 202 (122ms, ?B)
[2026-03-27T19:50:29.619Z] GET https://fscdn.eppo.cloud/api/flag-config/v1/config?apiKey=-05ENfZ3cBNVVlyIG4t0tzgrWqP0l_1c_LGexRuK6v0&sdkName=js-client-sdk&sdkVersion=3.0.2 → 200 (27ms, ?B)
[2026-03-27T19:50:29.630Z] POST https://browser-intake-datadoghq.eu/api/v2/rum?ddsource=browser&ddtags=sdk_version%3A5.35.1%2Capi%3Afetch%2Cenv%3Aprod%2Cservice%3Arum-web-customer-2019%2Cversion%3A1.242.0&dd-api-key=pub46de094b8f02e8a51cee21d1bd55836e&dd-evp-origin-version=5.35.1&dd-evp-origin=browser&dd-request-id=f7eda847-cf15-444e-be7f-e3693c14bb3e&batch_time=1774641029628 → pending (?ms, ?B)
[2026-03-27T19:50:59.746Z] GET https://fscdn.eppo.cloud/api/flag-config/v1/config?apiKey=-05ENfZ3cBNVVlyIG4t0tzgrWqP0l_1c_LGexRuK6v0&sdkName=js-client-sdk&sdkVersion=3.0.2 → 200 (30ms, 1274835B)
[2026-03-27T19:50:59.757Z] POST https://browser-intake-datadoghq.eu/api/v2/rum?ddsource=browser&ddtags=sdk_version%3A5.35.1%2Capi%3Afetch%2Cenv%3Aprod%2Cservice%3Arum-web-customer-2019%2Cversion%3A1.242.0&dd-api-key=pub46de094b8f02e8a51cee21d1bd55836e&dd-evp-origin-version=5.35.1&dd-evp-origin=browser&dd-request-id=6d81fd62-2826-4f93-8fca-5e42e15d104f&batch_time=1774641059756 → 202 (122ms, 53B)
[2026-03-27T19:51:29.874Z] GET https://fscdn.eppo.cloud/api/flag-config/v1/config?apiKey=-05ENfZ3cBNVVlyIG4t0tzgrWqP0l_1c_LGexRuK6v0&sdkName=js-client-sdk&sdkVersion=3.0.2 → 200 (32ms, 1274835B)
[2026-03-27T19:51:29.884Z] POST https://browser-intake-datadoghq.eu/api/v2/rum?ddsource=browser&ddtags=sdk_version%3A5.35.1%2Capi%3Afetch%2Cenv%3Aprod%2Cservice%3Arum-web-customer-2019%2Cversion%3A1.242.0&dd-api-key=pub46de094b8f02e8a51cee21d1bd55836e&dd-evp-origin-version=5.35.1&dd-evp-origin=browser&dd-request-id=b0baa21d-1034-4f1a-98d3-965ca569de39&batch_time=1774641089882 → 202 (127ms, 53B)
[2026-03-27T19:52:00.005Z] GET https://fscdn.eppo.cloud/api/flag-config/v1/config?apiKey=-05ENfZ3cBNVVlyIG4t0tzgrWqP0l_1c_LGexRuK6v0&sdkName=js-client-sdk&sdkVersion=3.0.2 → 200 (27ms, 1274835B)
[2026-03-27T19:52:00.012Z] POST https://browser-intake-datadoghq.eu/api/v2/rum?ddsource=browser&ddtags=sdk_version%3A5.35.1%2Capi%3Afetch%2Cenv%3Aprod%2Cservice%3Arum-web-customer-2019%2Cversion%3A1.242.0&dd-api-key=pub46de094b8f02e8a51cee21d1bd55836e&dd-evp-origin-version=5.35.1&dd-evp-origin=browser&dd-request-id=123fa39a-fe9a-4508-b9f7-642567c45ab8&batch_time=1774641120010 → 202 (121ms, 53B)
[2026-03-27T19:52:30.127Z] GET https://fscdn.eppo.cloud/api/flag-config/v1/config?apiKey=-05ENfZ3cBNVVlyIG4t0tzgrWqP0l_1c_LGexRuK6v0&sdkName=js-client-sdk&sdkVersion=3.0.2 → 200 (30ms, 1274835B)
[2026-03-27T19:52:30.135Z] POST https://browser-intake-datadoghq.eu/api/v2/rum?ddsource=browser&ddtags=sdk_version%3A5.35.1%2Capi%3Afetch%2Cenv%3Aprod%2Cservice%3Arum-web-customer-2019%2Cversion%3A1.242.0&dd-api-key=pub46de094b8f02e8a51cee21d1bd55836e&dd-evp-origin-version=5.35.1&dd-evp-origin=browser&dd-request-id=a6e6a033-aa62-49e0-8a13-8926403135d2&batch_time=1774641150133 → 202 (129ms, 53B)
[2026-03-27T19:53:00.252Z] GET https://fscdn.eppo.cloud/api/flag-config/v1/config?apiKey=-05ENfZ3cBNVVlyIG4t0tzgrWqP0l_1c_LGexRuK6v0&sdkName=js-client-sdk&sdkVersion=3.0.2 → 200 (30ms, 1274835B)
[2026-03-27T19:53:00.262Z] POST https://browser-intake-datadoghq.eu/api/v2/rum?ddsource=browser&ddtags=sdk_version%3A5.35.1%2Capi%3Afetch%2Cenv%3Aprod%2Cservice%3Arum-web-customer-2019%2Cversion%3A1.242.0&dd-api-key=pub46de094b8f02e8a51cee21d1bd55836e&dd-evp-origin-version=5.35.1&dd-evp-origin=browser&dd-request-id=197ff1a4-d12c-465a-90c3-071f6f4ffa55&batch_time=1774641180260 → 202 (121ms, 53B)
[2026-03-27T19:53:30.374Z] GET https://fscdn.eppo.cloud/api/flag-config/v1/config?apiKey=-05ENfZ3cBNVVlyIG4t0tzgrWqP0l_1c_LGexRuK6v0&sdkName=js-client-sdk&sdkVersion=3.0.2 → 200 (27ms, 1274835B)
[2026-03-27T19:53:30.384Z] POST https://browser-intake-datadoghq.eu/api/v2/rum?ddsource=browser&ddtags=sdk_version%3A5.35.1%2Capi%3Afetch%2Cenv%3Aprod%2Cservice%3Arum-web-customer-2019%2Cversion%3A1.242.0&dd-api-key=pub46de094b8f02e8a51cee21d1bd55836e&dd-evp-origin-version=5.35.1&dd-evp-origin=browser&dd-request-id=bfd76c73-06d0-4f6d-bad6-d5ca661c61f0&batch_time=1774641210383 → 202 (124ms, 53B)
[2026-03-27T19:54:00.498Z] GET https://fscdn.eppo.cloud/api/flag-config/v1/config?apiKey=-05ENfZ3cBNVVlyIG4t0tzgrWqP0l_1c_LGexRuK6v0&sdkName=js-client-sdk&sdkVersion=3.0.2 → 200 (28ms, 1274835B)
[2026-03-27T19:54:00.507Z] POST https://browser-intake-datadoghq.eu/api/v2/rum?ddsource=browser&ddtags=sdk_version%3A5.35.1%2Capi%3Afetch%2Cenv%3Aprod%2Cservice%3Arum-web-customer-2019%2Cversion%3A1.242.0&dd-api-key=pub46de094b8f02e8a51cee21d1bd55836e&dd-evp-origin-version=5.35.1&dd-evp-origin=browser&dd-request-id=03faa153-a6d8-4e45-aefb-21489ac79069&batch_time=1774641240505 → 202 (119ms, 53B)
[2026-03-27T19:54:30.617Z] GET https://fscdn.eppo.cloud/api/flag-config/v1/config?apiKey=-05ENfZ3cBNVVlyIG4t0tzgrWqP0l_1c_LGexRuK6v0&sdkName=js-client-sdk&sdkVersion=3.0.2 → 200 (29ms, 1274835B)
[2026-03-27T19:54:30.626Z] POST https://browser-intake-datadoghq.eu/api/v2/rum?ddsource=browser&ddtags=sdk_version%3A5.35.1%2Capi%3Afetch%2Cenv%3Aprod%2Cservice%3Arum-web-customer-2019%2Cversion%3A1.242.0&dd-api-key=pub46de094b8f02e8a51cee21d1bd55836e&dd-evp-origin-version=5.35.1&dd-evp-origin=browser&dd-request-id=f8b6f4f0-bc50-44c6-98c0-1980824817c2&batch_time=1774641270624 → 202 (123ms, 53B)
[2026-03-27T19:55:00.743Z] GET https://fscdn.eppo.cloud/api/flag-config/v1/config?apiKey=-05ENfZ3cBNVVlyIG4t0tzgrWqP0l_1c_LGexRuK6v0&sdkName=js-client-sdk&sdkVersion=3.0.2 → 200 (33ms, 1274835B)
[2026-03-27T19:55:00.750Z] POST https://browser-intake-datadoghq.eu/api/v2/rum?ddsource=browser&ddtags=sdk_version%3A5.35.1%2Capi%3Afetch%2Cenv%3Aprod%2Cservice%3Arum-web-customer-2019%2Cversion%3A1.242.0&dd-api-key=pub46de094b8f02e8a51cee21d1bd55836e&dd-evp-origin-version=5.35.1&dd-evp-origin=browser&dd-request-id=d7e8f967-9655-4536-8ac8-a30641802c06&batch_time=1774641300747 → 202 (135ms, 53B)
[2026-03-27T19:55:30.873Z] GET https://fscdn.eppo.cloud/api/flag-config/v1/config?apiKey=-05ENfZ3cBNVVlyIG4t0tzgrWqP0l_1c_LGexRuK6v0&sdkName=js-client-sdk&sdkVersion=3.0.2 → 200 (28ms, ?B)
[2026-03-27T19:55:30.882Z] POST https://browser-intake-datadoghq.eu/api/v2/rum?ddsource=browser&ddtags=sdk_version%3A5.35.1%2Capi%3Afetch%2Cenv%3Aprod%2Cservice%3Arum-web-customer-2019%2Cversion%3A1.242.0&dd-api-key=pub46de094b8f02e8a51cee21d1bd55836e&dd-evp-origin-version=5.35.1&dd-evp-origin=browser&dd-request-id=fe105020-13ed-4070-9a17-58a56badfae8&batch_time=1774641330880 → pending (?ms, ?B)
[2026-03-27T19:56:01.011Z] GET https://fscdn.eppo.cloud/api/flag-config/v1/config?apiKey=-05ENfZ3cBNVVlyIG4t0tzgrWqP0l_1c_LGexRuK6v0&sdkName=js-client-sdk&sdkVersion=3.0.2 → pending (?ms, ?B)
[2026-03-27T19:56:01.015Z] POST https://browser-intake-datadoghq.eu/api/v2/rum?ddsource=browser&ddtags=sdk_version%3A5.35.1%2Capi%3Afetch%2Cenv%3Aprod%2Cservice%3Arum-web-customer-2019%2Cversion%3A1.242.0&dd-api-key=pub46de094b8f02e8a51cee21d1bd55836e&dd-evp-origin-version=5.35.1&dd-evp-origin=browser&dd-request-id=f2d08c3d-5c78-4df4-8207-face3850f00b&batch_time=1774641361013 → pending (?ms, ?B)
[2026-03-27T19:56:31.135Z] GET https://fscdn.eppo.cloud/api/flag-config/v1/config?apiKey=-05ENfZ3cBNVVlyIG4t0tzgrWqP0l_1c_LGexRuK6v0&sdkName=js-client-sdk&sdkVersion=3.0.2 → 200 (27ms, 1274835B)
[2026-03-27T19:56:31.141Z] POST https://browser-intake-datadoghq.eu/api/v2/rum?ddsource=browser&ddtags=sdk_version%3A5.35.1%2Capi%3Afetch%2Cenv%3Aprod%2Cservice%3Arum-web-customer-2019%2Cversion%3A1.242.0&dd-api-key=pub46de094b8f02e8a51cee21d1bd55836e&dd-evp-origin-version=5.35.1&dd-evp-origin=browser&dd-request-id=36b88154-9e7e-41e5-a498-820e64c7a8f9&batch_time=1774641391140 → 202 (121ms, 53B)
[2026-03-27T19:57:01.256Z] GET https://fscdn.eppo.cloud/api/flag-config/v1/config?apiKey=-05ENfZ3cBNVVlyIG4t0tzgrWqP0l_1c_LGexRuK6v0&sdkName=js-client-sdk&sdkVersion=3.0.2 → 200 (36ms, 1274835B)
[2026-03-27T19:57:01.261Z] POST https://browser-intake-datadoghq.eu/api/v2/rum?ddsource=browser&ddtags=sdk_version%3A5.35.1%2Capi%3Afetch%2Cenv%3Aprod%2Cservice%3Arum-web-customer-2019%2Cversion%3A1.242.0&dd-api-key=pub46de094b8f02e8a51cee21d1bd55836e&dd-evp-origin-version=5.35.1&dd-evp-origin=browser&dd-request-id=354ecf66-d5a2-4372-a7e4-ed3b15fb8fb2&batch_time=1774641421260 → 202 (142ms, 53B)
[2026-03-27T19:57:31.396Z] GET https://fscdn.eppo.cloud/api/flag-config/v1/config?apiKey=-05ENfZ3cBNVVlyIG4t0tzgrWqP0l_1c_LGexRuK6v0&sdkName=js-client-sdk&sdkVersion=3.0.2 → 200 (35ms, 1274835B)
[2026-03-27T19:57:31.400Z] POST https://browser-intake-datadoghq.eu/api/v2/rum?ddsource=browser&ddtags=sdk_version%3A5.35.1%2Capi%3Afetch%2Cenv%3Aprod%2Cservice%3Arum-web-customer-2019%2Cversion%3A1.242.0&dd-api-key=pub46de094b8f02e8a51cee21d1bd55836e&dd-evp-origin-version=5.35.1&dd-evp-origin=browser&dd-request-id=9c5ffd05-594b-4d68-8b8d-f963c1184e79&batch_time=1774641451399 → 202 (138ms, 53B)
[2026-03-27T19:58:01.530Z] GET https://fscdn.eppo.cloud/api/flag-config/v1/config?apiKey=-05ENfZ3cBNVVlyIG4t0tzgrWqP0l_1c_LGexRuK6v0&sdkName=js-client-sdk&sdkVersion=3.0.2 → 200 (28ms, 1274835B)
[2026-03-27T19:58:01.538Z] POST https://browser-intake-datadoghq.eu/api/v2/rum?ddsource=browser&ddtags=sdk_version%3A5.35.1%2Capi%3Afetch%2Cenv%3Aprod%2Cservice%3Arum-web-customer-2019%2Cversion%3A1.242.0&dd-api-key=pub46de094b8f02e8a51cee21d1bd55836e&dd-evp-origin-version=5.35.1&dd-evp-origin=browser&dd-request-id=aece84a3-2357-4f6b-917b-4309ffb0e593&batch_time=1774641481536 → 202 (128ms, 53B)
[2026-03-27T19:58:31.658Z] GET https://fscdn.eppo.cloud/api/flag-config/v1/config?apiKey=-05ENfZ3cBNVVlyIG4t0tzgrWqP0l_1c_LGexRuK6v0&sdkName=js-client-sdk&sdkVersion=3.0.2 → 200 (29ms, 1274835B)
[2026-03-27T19:58:31.665Z] POST https://browser-intake-datadoghq.eu/api/v2/rum?ddsource=browser&ddtags=sdk_version%3A5.35.1%2Capi%3Afetch%2Cenv%3Aprod%2Cservice%3Arum-web-customer-2019%2Cversion%3A1.242.0&dd-api-key=pub46de094b8f02e8a51cee21d1bd55836e&dd-evp-origin-version=5.35.1&dd-evp-origin=browser&dd-request-id=93c9bdb5-0a69-4104-876c-172bc2488af2&batch_time=1774641511664 → 202 (123ms, 53B)
[2026-03-27T19:59:01.781Z] GET https://fscdn.eppo.cloud/api/flag-config/v1/config?apiKey=-05ENfZ3cBNVVlyIG4t0tzgrWqP0l_1c_LGexRuK6v0&sdkName=js-client-sdk&sdkVersion=3.0.2 → 200 (28ms, 1274835B)
[2026-03-27T19:59:01.788Z] POST https://browser-intake-datadoghq.eu/api/v2/rum?ddsource=browser&ddtags=sdk_version%3A5.35.1%2Capi%3Afetch%2Cenv%3Aprod%2Cservice%3Arum-web-customer-2019%2Cversion%3A1.242.0&dd-api-key=pub46de094b8f02e8a51cee21d1bd55836e&dd-evp-origin-version=5.35.1&dd-evp-origin=browser&dd-request-id=6ee6da68-338f-4f42-9cf7-421cf7af6d7c&batch_time=1774641541787 → 202 (132ms, 53B)
[2026-03-27T19:59:31.911Z] GET https://fscdn.eppo.cloud/api/flag-config/v1/config?apiKey=-05ENfZ3cBNVVlyIG4t0tzgrWqP0l_1c_LGexRuK6v0&sdkName=js-client-sdk&sdkVersion=3.0.2 → 200 (27ms, 1274835B)
[2026-03-27T19:59:31.919Z] POST https://browser-intake-datadoghq.eu/api/v2/rum?ddsource=browser&ddtags=sdk_version%3A5.35.1%2Capi%3Afetch%2Cenv%3Aprod%2Cservice%3Arum-web-customer-2019%2Cversion%3A1.242.0&dd-api-key=pub46de094b8f02e8a51cee21d1bd55836e&dd-evp-origin-version=5.35.1&dd-evp-origin=browser&dd-request-id=765958a2-92c0-4f26-b3d4-96e0430de176&batch_time=1774641571918 → 202 (133ms, 53B)
[2026-03-27T19:59:47.769Z] GET https://www.awwwards.com/websites/beauty/ → pending (?ms, ?B)
[2026-03-27T19:59:47.771Z] POST https://browser-intake-datadoghq.eu/api/v2/rum?ddsource=browser&ddtags=sdk_version%3A5.35.1%2Capi%3Abeacon%2Cenv%3Aprod%2Cservice%3Arum-web-customer-2019%2Cversion%3A1.242.0&dd-api-key=pub46de094b8f02e8a51cee21d1bd55836e&dd-evp-origin-version=5.35.1&dd-evp-origin=browser&dd-request-id=23a72ab8-f693-4a2e-8dcf-e0b0df862771&batch_time=1774641587764 → pending (?ms, ?B)
[2026-03-27T19:59:49.253Z] GET https://assets.awwwards.com/assets/fonts/inter-tight/InterTight-VariableFont_wght.ttf → pending (?ms, ?B)
[2026-03-27T19:59:49.472Z] GET https://www.googletagmanager.com/gtm.js?id=GTM-PXD9JT → 200 (150ms, 477431B)
[2026-03-27T19:59:49.482Z] GET https://www.awwwards.com/assets/redesign/images/sprite-icons.svg?v=3 → 200 (58ms, 48518B)
[2026-03-27T19:59:49.483Z] GET https://assets.awwwards.com/awards/media/cache/thumb_user_70/default/user8.jpg → pending (?ms, ?B)
[2026-03-27T19:59:49.483Z] GET https://assets.awwwards.com/awards/media/cache/thumb_user_70/avatar/1638389/632b68ece44d3621797477.jpg → pending (?ms, ?B)
[2026-03-27T19:59:49.483Z] GET https://assets.awwwards.com/awards/media/cache/thumb_user_70/avatar/2793290/697c2f4e164e8088106549.png → pending (?ms, ?B)
[2026-03-27T19:59:49.483Z] GET https://assets.awwwards.com/awards/media/cache/thumb_user_70/avatar/2263523/65d34df15d535453247236.png → pending (?ms, ?B)
[2026-03-27T19:59:49.483Z] GET https://assets.awwwards.com/awards/media/cache/thumb_user_70/avatar/2038006/6870aefab678a815350261.png → pending (?ms, ?B)
[2026-03-27T19:59:49.483Z] GET https://assets.awwwards.com/awards/media/cache/thumb_user_70/avatar/221/5e5e82f158fa1592082665.jpg → pending (?ms, ?B)
[2026-03-27T19:59:49.483Z] GET https://assets.awwwards.com/awards/media/cache/thumb_user_70/avatar/911418/67b780d3cb8b0830764373.png → pending (?ms, ?B)
[2026-03-27T19:59:49.483Z] GET https://assets.awwwards.com/awards/media/cache/thumb_user_70/avatar/2098620/672278780f310682457556.jpg → pending (?ms, ?B)
[2026-03-27T19:59:49.483Z] GET https://assets.awwwards.com/awards/media/cache/thumb_user_70/avatar/2115063/64df80aa1185a723529942.png → pending (?ms, ?B)
[2026-03-27T19:59:49.483Z] GET https://assets.awwwards.com/awards/media/cache/thumb_user_70/avatar/439438/65a693090bdf5220307076.png → pending (?ms, ?B)
[2026-03-27T19:59:49.483Z] GET https://assets.awwwards.com/awards/media/cache/thumb_user_70/avatar/182035/5ee84fb630b01399133765.jpg → pending (?ms, ?B)
[2026-03-27T19:59:49.483Z] GET https://assets.awwwards.com/awards/media/cache/thumb_user_70/avatar/325025/65dc554f2ec8a826572779.png → pending (?ms, ?B)
[2026-03-27T19:59:49.483Z] GET https://assets.awwwards.com/awards/media/cache/thumb_user_70/avatar/1678526/6984592c5d0dc844213637.png → pending (?ms, ?B)
[2026-03-27T19:59:49.483Z] GET https://assets.awwwards.com/awards/media/cache/thumb_user_70/avatar/2237175/65bd080f08ade707054641.png → pending (?ms, ?B)
[2026-03-27T19:59:49.483Z] GET https://assets.awwwards.com/awards/media/cache/thumb_user_70/avatar/313372/556580602595e.jpeg → pending (?ms, ?B)
[2026-03-27T19:59:49.483Z] GET https://assets.awwwards.com/awards/media/cache/thumb_user_70/avatar/2068874/68afa40646afe010070199.png → pending (?ms, ?B)
[2026-03-27T19:59:49.483Z] GET https://assets.awwwards.com/awards/media/cache/thumb_user_70/default/user3.jpg → pending (?ms, ?B)
[2026-03-27T19:59:49.483Z] GET https://assets.awwwards.com/awards/media/cache/thumb_user_70/avatar/1204557/653fdeb79dce1555867705.png → pending (?ms, ?B)
[2026-03-27T19:59:49.484Z] GET https://assets.awwwards.com/awards/media/cache/thumb_user_70/avatar/535862/5c7d1c97d5852953493689.jpg → pending (?ms, ?B)
[2026-03-27T19:59:49.484Z] GET https://assets.awwwards.com/awards/media/cache/thumb_user_70/avatar/556979/661696a8395e7846113944.jpg → pending (?ms, ?B)
[2026-03-27T19:59:49.484Z] GET https://assets.awwwards.com/awards/media/cache/thumb_user_70/avatar/1025045/642e8498cb554533968151.jpg → pending (?ms, ?B)
[2026-03-27T19:59:49.484Z] GET https://assets.awwwards.com/awards/media/cache/thumb_user_70/avatar/1223115/6142cf4201e1f624448327.jpg → pending (?ms, ?B)
[2026-03-27T19:59:49.484Z] GET https://assets.awwwards.com/awards/media/cache/thumb_user_70/avatar/902169/6155911ec1dab888390872.png → pending (?ms, ?B)
[2026-03-27T19:59:49.484Z] GET https://assets.awwwards.com/awards/media/cache/thumb_user_70/avatar/447115/600e47b22e1fa039583961.png → pending (?ms, ?B)
[2026-03-27T19:59:49.484Z] GET https://assets.awwwards.com/awards/media/cache/thumb_user_70/default/user4.jpg → pending (?ms, ?B)
[2026-03-27T19:59:49.484Z] GET https://assets.awwwards.com/dist/js/runtime.bf71a965.js → pending (?ms, ?B)
[2026-03-27T19:59:49.518Z] GET https://assets.awwwards.com/dist/js/1500.9a09c40c.js → pending (?ms, ?B)
[2026-03-27T19:59:49.518Z] GET https://assets.awwwards.com/dist/js/2164.63e99435.js → pending (?ms, ?B)
[2026-03-27T19:59:49.518Z] GET https://assets.awwwards.com/dist/js/3116.4ec5e4f9.js → pending (?ms, ?B)
[2026-03-27T19:59:49.518Z] GET https://assets.awwwards.com/dist/js/9653.5c80bbb9.js → pending (?ms, ?B)
[2026-03-27T19:59:49.518Z] GET https://assets.awwwards.com/dist/js/9434.f3243987.js → pending (?ms, ?B)
[2026-03-27T19:59:49.518Z] GET https://assets.awwwards.com/dist/js/966.adcdb249.js → pending (?ms, ?B)
[2026-03-27T19:59:49.518Z] GET https://assets.awwwards.com/dist/js/redesign_grid.3e74e80e.js → pending (?ms, ?B)
[2026-03-27T19:59:49.518Z] GET https://www.google.com/recaptcha/api.js?render=6LdYct0kAAAAAHlky5jhQhrvSRt_4vOJkzbVs2Oa → 200 (62ms, 1582B)
[2026-03-27T19:59:49.583Z] GET https://www.gstatic.com/recaptcha/releases/79clEdOi5xQbrrpL2L8kGmK3/recaptcha__en.js → 200 (129ms, 870412B)
[2026-03-27T19:59:49.656Z] GET https://connect.facebook.net/en_US/fbevents.js → 200 (142ms, 365123B)
[2026-03-27T19:59:49.772Z] GET https://www.google.com/recaptcha/api2/anchor?ar=1&k=6LdYct0kAAAAAHlky5jhQhrvSRt_4vOJkzbVs2Oa&co=aHR0cHM6Ly93d3cuYXd3d2FyZHMuY29tOjQ0Mw..&hl=en&v=79clEdOi5xQbrrpL2L8kGmK3&size=invisible&anchor-ms=20000&execute-ms=30000&cb=rgnqqd783euu → 200 (52ms, 96144B)
[2026-03-27T19:59:49.839Z] GET https://connect.facebook.net/signals/config/618586718543914?v=2.9.285&r=stable&domain=www.awwwards.com&hme=12c8cdc903a327d6c396005880a21a0a6c955fe6b6fb47b10c9022424ec9b3ee&ex_m=101%2C194%2C143%2C22%2C69%2C70%2C136%2C65%2C64%2C11%2C151%2C87%2C16%2C130%2C123%2C72%2C75%2C129%2C148%2C153%2C8%2C4%2C5%2C7%2C6%2C3%2C88%2C98%2C154%2C159%2C208%2C59%2C175%2C176%2C52%2C264%2C30%2C71%2C220%2C219%2C218%2C23%2C32%2C100%2C58%2C10%2C60%2C94%2C95%2C96%2C102%2C126%2C31%2C29%2C128%2C125%2C124%2C144%2C73%2C147%2C145%2C146%2C47%2C57%2C119%2C15%2C150%2C42%2C251%2C252%2C250%2C26%2C27%2C28%2C45%2C137%2C74%2C109%2C18%2C20%2C41%2C37%2C39%2C38%2C80%2C89%2C93%2C107%2C135%2C138%2C43%2C108%2C24%2C21%2C115%2C66%2C35%2C140%2C139%2C141%2C132%2C131%2C25%2C34%2C56%2C106%2C149%2C67%2C17%2C142%2C111%2C78%2C63%2C19%2C82%2C83%2C112%2C81%2C33%2C280%2C201%2C190%2C191%2C189%2C283%2C275%2C49%2C202%2C104%2C127%2C77%2C117%2C51%2C44%2C46%2C110%2C116%2C122%2C55%2C61%2C50%2C53%2C97%2C152%2C1%2C120%2C14%2C118%2C12%2C2%2C54%2C90%2C62%2C114%2C86%2C85%2C155%2C156%2C91%2C92%2C9%2C121%2C99%2C48%2C133%2C84%2C76%2C68%2C113%2C103%2C40%2C134%2C0%2C79%2C36%2C105%2C13%2C157 → pending (?ms, ?B)
[2026-03-27T19:59:49.843Z] GET https://www.gstatic.com/recaptcha/releases/79clEdOi5xQbrrpL2L8kGmK3/styles__ltr.css → 200 (55ms, 83366B)
[2026-03-27T19:59:49.843Z] GET https://www.gstatic.com/recaptcha/releases/79clEdOi5xQbrrpL2L8kGmK3/recaptcha__en.js → 200 (29ms, 870412B)
[2026-03-27T19:59:49.962Z] GET https://www.google.com/recaptcha/api2/webworker.js?hl=en&v=79clEdOi5xQbrrpL2L8kGmK3 → 200 (47ms, 102B)
[2026-03-27T19:59:49.972Z] GET https://www.gstatic.com/recaptcha/api2/logo_48.png → 200 (21ms, 2228B)
[2026-03-27T19:59:49.972Z] GET https://fonts.gstatic.com/s/roboto/v48/KFO7CnqEu92Fr1ME7kSn66aGLdTylUAMa3yUBHMdazQ.woff2 → 200 (44ms, 34668B)
[2026-03-27T19:59:50.010Z] GET https://www.gstatic.com/recaptcha/releases/79clEdOi5xQbrrpL2L8kGmK3/recaptcha__en.js → 200 (79ms, 870412B)
[2026-03-27T19:59:51.233Z] GET https://www.youtube.com/iframe_api → pending (?ms, ?B)
[2026-03-27T19:59:51.318Z] GET https://sr-client-cfg.amplitude.com/config?api_key=b5a9d6a5d09637c7ddf2dafb42b56695&config_keys=analyticsSDK → 200 (682ms, 31B)
[2026-03-27T19:59:51.386Z] GET https://assets.awwwards.com/awards/media/cache/thumb_440_330/submissions/2026/01/69712696394f3947153995.jpg → 200 (96ms, 13728B)
[2026-03-27T19:59:51.386Z] GET https://assets.awwwards.com/awards/media/cache/thumb_440_330/submissions/2026/03/69b37a0c0c69a080495342.png → 200 (99ms, 104954B)
[2026-03-27T19:59:51.386Z] GET https://assets.awwwards.com/awards/media/cache/thumb_440_330/submissions/2025/09/68bedb53335ae268345613.jpg → 200 (104ms, 20827B)
[2026-03-27T19:59:51.386Z] GET https://assets.awwwards.com/awards/media/cache/thumb_440_330/submissions/2026/01/697c5e9e31bd1878238821.png → 200 (104ms, 73228B)
[2026-03-27T19:59:51.386Z] GET https://assets.awwwards.com/awards/69c3d909c42e48.87748711.jpg → 200 (114ms, 182558B)
[2026-03-27T19:59:51.386Z] GET https://assets.awwwards.com/awards/media/cache/thumb_440_330/submissions/2025/07/686f51a4ecb05862942744.png → 200 (172ms, 118571B)
[2026-03-27T19:59:51.868Z] GET https://www.youtube.com/s/player/8e54e4ea/www-widgetapi.vflset/www-widgetapi.js → 200 (22ms, 32131B)
[2026-03-27T19:59:53.003Z] POST https://api2.amplitude.com/2/httpapi → pending (?ms, ?B)
